{
    "cav1": {
        "cav2": [
            0.33,
            0.33,
            0.33,
            0.33,
            0.33,
            0.33,
            0.33,
            0.33,
            0.33,
            0.33,
            0.34789678403879165,
            0.29643128568894095,
            0.5299196292523373,
            0.6920726075049595,
            0.6,
            0.6,
            0.6,
            0.6,
            0.6,
            0.6110365777954943,
            0.6,
            0.6,
            0.6,
            0.6215773061450892,
            0.6,
            0.6,
            0.6,
            0.6,
            0.6
        ],
        "cav3": [
            0.33,
            0.33,
            0.33,
            0.33,
            0.33,
            0.33,
            0.33,
            0.33,
            0.33,
            0.33,
            0.3115492420860196,
            0.5,
            0.6,
            0.6,
            0.6,
            0.6,
            0.9790102999857025,
            0.6,
            0.6,
            0.6,
            0.6,
            0.6,
            0.6,
            0.6,
            0.7160452311819346,
            0.6,
            0.6,
            0.6,
            0.6
        ],
        "cav4": [
            0.34,
            0.34,
            0.34,
            0.34,
            0.34,
            0.34,
            0.34,
            0.34,
            0.34,
            0.34,
            0.3259486469537037,
            0.34,
            0.51,
            0.51,
            0.54,
            0.5,
            0.56,
            0.6,
            0.6,
            0.6017032241024787,
            0.6,
            0.6,
            0.6,
            0.6799615441779219,
            0.6972173783044685,
            0.6,
            0.6,
            0.6282776298316646,
            0.6
        ]
    },
    "cav2": {
        "cav1": [
            0.33,
            0.33,
            0.33,
            0.33,
            0.33,
            0.33,
            0.4334500204596489,
            0.6,
            0.39460335633956184,
            0.4674731894339918,
            0.6,
            0.6,
            0.6,
            0.35915960826411625,
            0.5893418565563114,
            0.8825136548566513,
            0.5355326866256629,
            0.5462400640639389,
            0.5167941184359556,
            0.5613369564520807,
            0.6779202589022312,
            0.571203689729078,
            0.5535703541391508,
            0.4599149366469581,
            0.41908238531798114,
            0.4173583045727746,
            0.6,
            0.4099878886773392,
            0.6
        ],
        "cav3": [
            0.33,
            0.33,
            0.33,
            0.33,
            0.33,
            0.33,
            0.48665747128300896,
            0.3794138805218379,
            0.855805581098504,
            0.46647978423455133,
            0.4217988405339145,
            0.6,
            0.714772485288873,
            0.6,
            0.45190375600027094,
            0.6,
            0.6721399873840558,
            0.4619931299146101,
            0.5205425244680716,
            0.6,
            0.40203738876050743,
            0.6122226199141133,
            0.31599934558465637,
            0.4743393946840589,
            0.49058289890628776,
            0.5736797311441117,
            0.5200982904488141,
            0.3973153955242962,
            0.6
        ],
        "cav4": [
            0.34,
            0.34,
            0.34,
            0.34,
            0.34,
            0.34,
            0.6,
            0.4903217532928322,
            0.4406278021217987,
            0.343798765142688,
            0.668175936863903,
            0.36776242490719235,
            0.44465506251379555,
            0.4132827754859264,
            0.5599883435059917,
            0.4589372331902519,
            0.6,
            0.4410616260269415,
            0.44257780089354426,
            0.6,
            0.5227501340935772,
            0.4402948837081211,
            0.5333504050872592,
            0.5210815860482757,
            0.4658806667311247,
            0.9292488491337094,
            0.324162663394091,
            0.6583099790477802,
            0.620005489453021
        ]
    },
    "cav3": {
        "cav1": [
            0.33,
            0.33,
            0.5432734221270862,
            0.2857102473420825,
            0.15970381289439078,
            0.41193074824900766,
            0.39397910475148074,
            0.6,
            0.6,
            0.6,
            0.6,
            0.6,
            0.6,
            0.6,
            0.6,
            0.6584001709343613,
            0.6308506811484762,
            0.6,
            0.6704611685730774,
            0.6,
            0.6,
            0.6,
            0.6,
            0.6,
            0.6,
            0.6,
            0.6,
            0.6,
            0.6
        ],
        "cav2": [
            0.33,
            0.33,
            0.25913119935516776,
            0.2973078315058607,
            0.20880047360195828,
            0.4078146198487456,
            0.6091291418348871,
            0.6,
            0.6,
            0.6,
            0.6,
            0.6,
            0.6,
            0.6955316725657101,
            0.6,
            0.6,
            0.6,
            0.6,
            0.6,
            0.6,
            0.6,
            0.6,
            0.6,
            0.6193038894842074,
            0.6,
            0.6,
            0.6,
            0.6,
            0.6
        ],
        "cav4": [
            0.34,
            0.34,
            0.16046564948710906,
            0.4866985198863698,
            0.21903526124395994,
            0.3176359805102523,
            0.6,
            0.6,
            0.6666500810776463,
            0.6,
            0.6,
            0.6,
            0.6,
            0.6,
            0.6,
            0.6017806017310983,
            0.6495094737264471,
            0.6,
            0.6,
            0.701593795798137,
            0.6,
            0.6,
            0.6,
            0.6,
            0.6,
            0.6,
            0.6,
            0.6,
            0.6
        ]
    },
    "cav4": {
        "cav1": [
            0.6323755231341733,
            0.41533810690698947,
            0.09310671623721556,
            0.14314234113543928,
            0.6,
            0.3029496211627587,
            0.3216955794367642,
            0.6,
            0.449821098272049,
            0.30658008104476026,
            0.496134643386869,
            0.3621250058550378,
            0.30735510510898634,
            0.15903224549658537,
            0.5292113009756279,
            0.33583250172516166,
            0.43250277545772003,
            0.6,
            0.2743285787732534,
            0.3981256676706424,
            0.42296691377252316,
            0.3264893049443814,
            0.3035211823293735,
            0.3383016598156206,
            0.7658815880149351,
            0.41348644504700516,
            0.43781848203968227,
            0.3627572844217333,
            0.48705061945560535
        ],