{
    "cav1": {
        "cav2": [
            0.406364704330927,
            0.6,
            0.6411752576443485,
            0.42495657972095063,
            0.6,
            0.44455918870282374,
            0.6,
            0.6,
            0.5158873258142997,
            0.8472348965099212,
            0.5623661292336125,
            0.42432454242284695,
            0.464786737021621,
            0.4020188995338635,
            0.44944026540087223,
            0.423574784661071,
            0.5024026349367618,
            0.7811278244781694,
            0.6,
            0.7201800230582673,
            0.6,
            0.6,
            0.40442806535197634,
            0.44160519902236034,
            0.45452330707281746,
            0.5453040241250225,
            0.6,
            0.49623748860752487,
            0.6465499388160071,
            0.6,
            0.5966423764103915
        ],
        "cav3": [
            0.6,
            0.6,
            0.8329170021395423,
            0.4404976006511945,
            0.34977421628550687,
            0.3159519487826124,
            0.6528500206956372,
            0.6861670471985294,
            0.5875698196165259,
            0.6666875478821792,
            0.5466013018892631,
            0.5745205257602726,
            0.6,
            0.334560117113425,
            0.5623073114463779,
            0.587799512283917,
            0.6,
            0.5846017918414088,
            0.6,
            0.6,
            0.634713902516278,
            0.6,
            0.6,
            0.48002188619168207,
            0.4723471045855799,
            0.3934898878253931,
            0.6,
            0.5490443483139712,
            0.48108315430140125,
            0.6181796875479174,
            0.36223446983277097
        ],
        "cav4": [
            0.437103351802149,
            0.6,
            0.6,
            0.6,
            0.4547264912039907,
            0.6,
            0.482551227720113,
            0.5054441115253879,
            0.43362870100941997,
            0.4376082753801619,
            0.6,
            0.6,
            0.3640148053201718,
            0.4535474356185283,
            0.6,
            0.47966220524625686,
            0.4296881947500662,
            0.4713980806449837,
            0.5712588274614918,
            0.6,
            0.6,
            0.6651328610840421,
            0.5509654444307012,
            0.6,
            0.6,
            0.6,
            0.4927217751462129,
            0.6,
            0.6,
            0.4544097150443402,
            0.4362453348635431
        ]
    },
    "cav2": {
        "cav1": [
            0.8112023231106922,
            0.33376024929069065,
            0.5413738430155076,
            0.41018711729472596,
            0.4182224232938424,
            0.6,
            0.46039095901454413,
            0.6,
            0.6,
            0.3430954008514431,
            0.4133744964674661,
            0.6,
            0.33951282672594685,
            0.48150760887365324,
            0.8211014603507867,
            0.6,
            0.6,
            0.6,
            0.6,
            0.6032455647313876,
            0.39916686136514895,
            0.39673233680245634,
            0.33741256831962274,
            0.5084492164925324,
            0.4499059195135838,
            0.481516695082154,
            0.5197060762848328,
            0.5315561745665196,
            0.3330063035366583,
            0.3385462840650525,
            0.6
        ],
        "cav3": [
            0.6,
            0.6012266076290097,
            0.6,
            0.4024859501883172,
            0.34112444500627936,
            0.6,
            0.3594518028152577,
            0.5094922577595469,
            0.3083890969860996,
            0.48497065446218274,
            0.6,
            0.385728069374143,
            0.5701179874038222,
            0.42626884194505654,
            0.8315679242819736,
            0.6,
            0.44064268997594747,
            0.3323641878701635,
            0.4520898008180893,
            0.43222814155298683,
            0.7828404781651513,
            0.6,
            0.7323268803649264,
            0.41912299567170286,
            0.3942226875027876,
            0.6,
            0.30688325371720293,
            0.3288830334352718,
            0.6,
            0.6008358087453528,
            0.6
        ],
        "cav4": [
            0.3884716065807916,
            0.5168177609999169,
            0.3184562573217763,
            0.651587489595657,
            0.453991310102084,
            0.6,
            0.3694545459684671,
            0.3826169369271768,
            0.5779193323045951,
            0.35268095685576895,
            0.31963276147993447,
            0.4472119623705707,
            0.358393523176587,
            0.6259345098626855,
            0.42414377206942483,
            0.6,
            0.40527585824670476,
            0.4653555398740033,
            0.586745680872912,
            0.6,
            0.5958552369208926,
            0.7544995839877122,
            0.4697584660270121,
            0.528309760599315,
            0.3476180823037523,
            0.3199382259398469,
            0.30402223491751484,
            0.6,
            0.3383186807953296,
            0.6,
            0.6664226780686645
        ]
    },
    "cav3": {
        "cav1": [
            0.4380545748985496,
            0.5328031778298835,
            0.4604536064027431,
            0.6,
            0.5186556008863392,
            0.6,
            0.6,
            0.6410693979764683,
            0.41818771304260055,
            0.5544182675711244,
            0.38696939166378075,
            0.6,
            0.6,
            0.44627881890050936,
            0.3205247443944068,
            0.3287677847213035,
            0.32405245298290714,
            0.3373786742412574,
            0.37682211852803715,
            0.35341375629273225,
            0.49910804956383903,
            0.6,
            0.5769625524524968,
            0.6,
            0.6,
            0.6,
            0.37854920412928017,
            0.5617533127127454,
            0.6,
            0.428659335886553,
            0.44044036493543376
        ],
        "cav2": [
            0.45233744381508356,
            0.6,
            0.6,
            0.8828134571293209,
            0.5053392812933216,
            0.39343923998371855,
            0.6,
            0.6,
            0.4062550926549672,
            0.7223591665527691,
            0.468878509294218,
            0.3721211978986189,
            0.3347028830656768,
            0.3464891327962984,
            0.3380439135933627,
            0.6,
            0.41648769093451427,
            0.3166930512958744,
            0.4908375877084959,
            0.6,
            0.33488868545844924,
            0.6,
            0.6,
            0.45279136956618515,
            0.5395947871633878,
            0.5329010847620065,
            0.44079045272376305,
            0.3838073650979424,
            0.6,
            0.4319716251983386,
            0.37416055405698573
        ],