{
    "cav1": {
        "cav2": [
            0.38272010353714,
            0.48930699779168413,
            0.610633453602864,
            0.3364376851223854,
            0.2892581908295659,
            0.18314327110621575,
            0.675225666930522,
            0.29252424035065766,
            0.43579724403934894,
            0.13973690498051575,
            0.06272286598636985,
            0.6,
            0.1581425255083598,
            0.2769568149794637,
            0.3939086970637387,
            0.1025874637775682,
            0.3994803270344355,
            0.3155083930509522,
            0.5327536330205117,
            0.407892185738334,
            0.32106460631445977,
            0.3313329128202015,
            0.4872808984744321,
            0.5021660626138682,
            0.4523643802597345,
            0.7008063153633985,
            0.42998478308824784,
            0.6206041030145851,
            0.47785367538681334,
            0.5768939057362195
        ],
        "cav3": [
            0.49642278300667814,
            0.4438036527414693,
            0.615758680535257,
            0.3304545942817889,
            0.4436584779106704,
            0.5038064668814756,
            0.43521013073504633,
            0.5441970601240322,
            0.5239464353707473,
            0.27781350350378264,
            0.5465578905757505,
            0.6738912297999394,
            0.724949914398652,
            0.74399409464785,
            0.3619869338067212,
            0.48837552518900246,
            0.11512897753929775,
            0.38982786343005726,
            0.3168861974870837,
            0.5898177618619445,
            0.7042704390230334,
            0.5261338870807604,
            0.4938209070035162,
            0.6827110143271241,
            0.46474203208416776,
            0.28750546160018314,
            0.42442120649765513,
            0.4485029429663441,
            0.31692063960366096,
            0.36456909433154944
        ],
        "cav4": [
            0.3506468619235085,
            0.1540014350152816,
            0.35046502699557724,
            0.25120553812370094,
            0.48752207442849005,
            0.4572500591319609,
            0.16317314501856436,
            0.28690825549935567,
            0.5781210226842015,
            0.38267899624490775,
            0.6,
            0.26306236289197904,
            0.5759701498785607,
            0.364959002115908,
            0.7408527016350458,
            0.4938322823936728,
            0.5708092847402378,
            0.6137287752286253,
            0.06752892449833223,
            0.49032410765854634,
            0.5353770635416217,
            0.30361303264404643,
            0.3961207782096851,
            0.3864776721364835,
            0.4753431509748144,
            0.4121098041054419,
            0.6219059138531172,
            0.2435612597331309,
            0.1866770010036038,
            0.4324583396275075
        ]
    },
    "cav2": {
        "cav1": [
            0.39912457934484097,
            0.30428504520826966,
            0.10552438787541071,
            0.5952005218020857,
            0.6,
            0.40579224661629204,
            0.4829540278015789,
            0.4124266674451894,
            0.25958343451053423,
            0.3419866673664407,
            0.3105604868440694,
            0.5166151167400805,
            0.5619724547879932,
            0.19848695563500762,
            0.5156560406481117,
            0.6204045606331408,
            0.3529970224443768,
            0.3713153030790077,
            0.644879507317868,
            0.5611993596245661,
            0.46483463264973557,
            0.6327974676029611,
            0.3711330670626965,
            0.4044529601833098,
            0.6,
            0.38778735512336643,
            0.6004038757010991,
            0.2751046748053634,
            0.5641618228296086,
            0.3049567165465682
        ],
        "cav3": [
            0.40546147517407477,
            0.422481365713604,
            0.5494899194296843,
            0.253525318857193,
            0.5053360775606721,
            0.4397997646565808,
            0.4657761975667351,
            0.2493214399774386,
            0.8581936305713046,
            0.6578183803703439,
            0.6,
            0.4015993389243893,
            0.381074278489675,
            0.6,
            0.11615073736397259,
            0.08124213129866625,
            0.2962085581455631,
            0.2842391347391315,
            0.11653409830560921,
            0.5932792479300931,
            0.2732335876023724,
            0.2942208966435931,
            0.5409913060881291,
            0.5442718874581349,
            0.5885432827269466,
            0.5781388085692727,
            0.43199830312127835,
            0.5000555968440031,
            0.7917460117475466,
            0.5144710771108643
        ],
        "cav4": [
            0.5368891411749621,
            0.35234191177092633,
            0.15221358542145708,
            0.6,
            0.15406726668173581,
            0.59036907091317,
            0.3524338465947556,
            0.3584553003674871,
            0.14766002301134173,
            0.453324794684333,
            0.6,
            0.35425718460490274,
            0.08395850496321744,
            0.6,
            0.5049855561502592,
            0.2861302868918336,
            0.2356668769922736,
            0.27528431941387277,
            0.6215200979182358,
            0.5810136539085609,
            0.2198751458723215,
            0.3869478409327287,
            0.2916599601612599,
            0.6,
            0.5026223640127722,
            0.25670563715068245,
            0.538876202650353,
            0.3808690240382394,
            0.18301779164623333,
            0.21838852510301798
        ]
    },
    "cav3": {
        "cav1": [
            0.6449119547966266,
            0.0035395866632782036,
            0.5643752317238825,
            0.3947491950578224,
            0.5217116255556769,
            0.39125224767614847,
            0.5544428027459147,
            0.27369344053604194,
            0.12244687840469962,
            0.35100785109150323,
            0.06982408193396249,
            0.3711190534034838,
            0.47252580893494445,
            0.34653434676606376,
            0.3505492675492596,
            0.6005394169071935,
            0.701025451026375,
            0.3857168200370283,
            0.4578478212594781,
            0.34042145733931867,
            0.10959781368442727,
            0.3882242353211439,
            0.38501629006910826,
            0.7122155249177107,
            0.3865961569830883,
            0.3050394988771435,
            0.4004578746961188,
            0.25769476752421844,
            0.41185554728964285,
            0.4439770905166726
        ],
        "cav2": [
            0.2772716029191046,
            0.40616226024597335,
            0.49551571900456076,
            0.4073058079576832,
            0.4396001844239054,
            0.4392738679045712,
            0.8615634633282896,
            0.5975438106280287,
            0.4236162228375431,
            0.3328946537242014,
            0.8812125678399612,
            0.38558973859808743,
            0.5178504453628848,
            0.572228033367344,
            0.4660091771187592,
            0.44998948597597477,
            0.44016861748283537,
            0.41776734121109116,
            0.5129159285495831,
            0.6455905436292854,
            0.3045255215484288,
            0.33712164893087126,
            0.5659266540495284,
            0.2876631807217776,
            0.5936725776282352,
            0.40636221089622016,
            0.33037252659626587,
            0.5181961899311814,
            0.4846101863893398,
            0.4437365038454364
        ],