{
    "cav1": {
        "human_trust_level": 0.8,
        "trust_scores": {
            "cav2": [
                0.24772089671887532,
                0.4279217247889593,
                0.6056865088948561,
                0.44868663226117267,
                0.5052900658201632,
                0.402054804733385,
                0.5017474348510174,
                0.0871014261873671,
                0.48254653446186613
            ],
            "cav3": [
                0.35617505150963663,
                0.5679694668939453,
                0.2061926894058253,
                0.28845662488801266,
                0.7082772494214652,
                0.4990679540499124,
                0.21662232853338353,
                0.2823346650379459,
                0.46941752122001973
            ],
            "cav4": [
                0.5467127670977334,
                0.31050266421108247,
                0.27991062035088443,
                0.6252126001075564,
                0.4781428036792632,
                0.513321899161358,
                0.4460764806661391,
                0.635171756361077,
                0.5639943004518488
            ]
        },
        "detected_objects": [
            {
                "frame": 1,
                "objects": [
                    {
                        "label": "bottle",
                        "confidence": 0.3668787181377411,
                        "box": [
                            [
                                719.8309936523438,
                                664.5648193359375,
                                898.9026489257812,
                                1145.621337890625
                            ]
                        ]
                    }
                ],
                "scene_label": "pill bottle",
                "confidence": 8.027798652648926
            },
            {
                "frame": 2,
                "objects": [
                    {
                        "label": "bottle",
                        "confidence": 0.6942054629325867,
                        "box": [
                            [
                                554.9688720703125,
                                654.0535278320312,
                                728.7653198242188,
                                1133.46044921875
                            ]
                        ]
                    }
                ],
                "scene_label": "pill bottle",
                "confidence": 9.568717002868652
            },
            {
                "frame": 3,
                "objects": [
                    {
                        "label": "bottle",
                        "confidence": 0.26776525378227234,
                        "box": [
                            [
                                304.4195251464844,
                                642.234375,
                                477.9939880371094,
                                1128.0128173828125
                            ]
                        ]
                    }
                ],
                "scene_label": "pill bottle",
                "confidence": 9.08607006072998
            },
            {
                "frame": 4,
                "objects": [
                    {
                        "label": "bottle",
                        "confidence": 0.4521690309047699,
                        "box": [
                            [
                                77.2782211303711,
                                643.5443115234375,
                                249.4972381591797,
                                1122.8082275390625
                            ]
                        ]
                    }
                ],
                "scene_label": "perfume",
                "confidence": 7.062845706939697
            },
            {
                "frame": 5,
                "objects": [],
                "scene_label": "parallel bars",
                "confidence": 4.818885326385498
            },
            {
                "frame": 6,
                "objects": [],
                "scene_label": "parallel bars",
                "confidence": 6.809925079345703
            },
            {
                "frame": 7,
                "objects": [],
                "scene_label": "parallel bars",
                "confidence": 5.12933349609375
            },
            {
                "frame": 8,
                "objects": [],
                "scene_label": "lighthouse",
                "confidence": 6.107935905456543
            },
            {
                "frame": 9,
                "objects": [],
                "scene_label": "parallel bars",
                "confidence": 6.252439022064209
            },
            {
                "frame": 10,
                "objects": [],
                "scene_label": "albatross",
                "confidence": 5.674679279327393
            }
        ]
    },
    "cav2": {
        "human_trust_level": 0.8,
        "trust_scores": {
            "cav1": [
                0.10343143505021113,
                0.334322016028851,
                0.6070034781461634,
                0.2143326721008032,
                0.46285486660023345,
                0.7239164291064676,
                0.35003557953147785,
                0.25701166475092047,
                0.3403073002690359
            ],
            "cav3": [
                0.24288189261278864,
                0.6318211844419863,
                0.2524044769475068,
                0.6008548578366908,
                0.616954086636652,
                0.5683262341178578,
                0.21281379139491513,
                0.6537618579950792,
                0.4174216623518022
            ],
            "cav4": [
                0.3773090617575407,
                0.37968417125955434,
                0.32105847089077694,
                0.4263389693993262,
                0.5423376644366702,
                0.6989634521705179,
                0.4129776486518495,
                0.19882861999354787,
                0.21205861019633684
            ]
        },
        "detected_objects": [
            {
                "frame": 1,
                "objects": [
                    {
                        "label": "bottle",
                        "confidence": 0.8941806554794312,
                        "box": [
                            [
                                670.0079956054688,
                                178.6329345703125,
                                1080.0,
                                1345.7608642578125
                            ]
                        ]
                    }
                ],
                "scene_label": "pill bottle",
                "confidence": 9.195980072021484
            },
            {
                "frame": 2,
                "objects": [
                    {
                        "label": "bottle",
                        "confidence": 0.9424511790275574,
                        "box": [
                            [
                                286.3424377441406,
                                192.523681640625,
                                715.941162109375,
                                1342.6453857421875
                            ]
                        ]
                    }
                ],
                "scene_label": "pill bottle",
                "confidence": 10.938824653625488
            },
            {
                "frame": 3,
                "objects": [
                    {
                        "label": "bottle",
                        "confidence": 0.6947113871574402,