{
    "cav1": {
        "cav2": [
            0.5672779119776403,
            0.7563092443056822,
            0.33978555454686277,
            0.4147995947146043,
            0.4375864105510601,
            0.49480302315873653,
            0.36066389512888963,
            0.212090578460669,
            0.08156100127098548,
            0.3998840023057376,
            0.25390735768275513,
            0.12328585173091977,
            0.357454929509004,
            0.8459112192094433,
            0.4118805309643923,
            0.4387847995454116,
            0.17766818367844553,
            0.45415912681785714,
            0.11790836278165313,
            0.39198254868291454,
            0.16201952026543615,
            0.32276340165745915,
            0.2843010244854704,
            0.6064293760184564,
            0.43887917038886287,
            0.5938972590009295,
            0.2571809523874561,
            0.6976530270405357,
            0.24003933877939607
        ],
        "cav3": [
            0.2630920391285748,
            0.6205249081220181,
            0.68855255620725,
            0.722660484786172,
            0.162153751815067,
            0.41462281457136185,
            0.5924453726976681,
            0.26583066692683904,
            0.44118628170592156,
            0.29695431845174675,
            0.1102220645852574,
            0.33261628671832116,
            0.43788937541584155,
            0.5160686774623932,
            0.7584637664788015,
            0.5980099336692797,
            0.36984940156801416,
            0.5034136746649968,
            0.3115405221858412,
            0.32996746556636647,
            0.48225300253840925,
            0.3107301067331071,
            0.4454247782245728,
            0.611895398988239,
            0.5850342291045637,
            0.36832841826174895,
            0.3731211312588798,
            0.2291882992133496,
            0.1439794348323569
        ],
        "cav4": [
            0.453626599723012,
            0.38947993634356803,
            0.3208818930958097,
            0.2573804389841821,
            0.3114913138549981,
            0.3361269602075447,
            0.47199080240811675,
            0.5704889002072989,
            0.6639576725743376,
            0.23057987538198593,
            0.3800185710685196,
            0.22911179728247796,
            0.0027850810187942817,
            0.31968391138165597,
            0.5284673049002759,
            0.2822643199660957,
            0.48649213549183684,
            0.22236935438092686,
            0.18250967247754782,
            0.46487269306715456,
            0.5098866864798239,
            0.5641082915818243,
            0.44647029195830173,
            0.22064676228357138,
            0.35131413872400197,
            0.45046263742937775,
            0.42127836122782886,
            0.38947963059213775,
            0.36029323372496797
        ]
    },
    "cav2": {
        "cav1": [
            0.43296151655083076,
            0.618471037023313,
            0.38401045153814184,
            0.6725383407962509,
            0.1626568756005253,
            0.4640246479653392,
            0.7210625511830941,
            0.39934691351255663,
            0.3231826368184477,
            0.27031211392139454,
            0.4878002492061236,
            0.0943514764581809,
            0.19922298140728542,
            0.3567261252169868,
            0.6844291230775591,
            0.4601573401087543,
            0.47171670945180344,
            0.575005106474694,
            0.48447202771214354,
            0.24195516414401974,
            0.4708843424295114,
            0.6007047692416656,
            0.2551218544406807,
            0.35065182596185257,
            0.2815895575792947,
            0.4466876544015712,
            0.5440362334134315,
            0.28566311518004894,
            0.7176016039563677
        ],
        "cav3": [
            0.018943434854348046,
            0.29193439018206346,
            0.5575919282289346,
            0.21898423793716199,
            0.6113468524995432,
            0.38804543232751626,
            0.510157615589185,
            0.41917660094273634,
            0.43244244437534246,
            0.4398563616454401,
            0.4219070047743275,
            0.13667806592997925,
            0.616977724875771,
            0.18742305144021587,
            0.35852430841566046,
            0.2763961822153805,
            0.535512334268545,
            0.4123419822084156,
            0.3758442194522058,
            0.6040370278050192,
            0.4190109617781207,
            0.3204496261527188,
            0.47686649203865095,
            0.346264548560696,
            0.3645025661687583,
            0.2811052563118196,
            0.6074811179489247,
            0.5137253036276869,
            0.2633807313854552
        ],
        "cav4": [
            0.49342735769660445,
            0.3506096436469404,
            0.47762115095126023,
            0.4140667341984003,
            0.25686572303411626,
            0.5853197721377824,
            0.46384835676145586,
            0.6837013049329164,
            0.2157153873891021,
            0.44732323464457047,
            0.3791508205951833,
            0.6284029239592515,
            0.5413824955707223,
            0.23777500876990382,
            0.5855071998922831,
            0.6169272266970938,
            0.4319489942075062,
            0.29186430322297313,
            0.4876212207963157,
            0.4956897049657898,
            0.20804032093219182,
            0.7188275497427121,
            0.4564367145798261,
            0.366804771150627,
            0.37068673031398613,
            0.6078218365016992,
            0.4127328811845295,
            0.2426123865676501,
            0.41411820537545785
        ]
    },
    "cav3": {
        "cav1": [
            0.29248632455452145,
            0.11981213236867315,
            0.4643235333241247,
            0.28006590140486803,
            0.5193222595794978,
            0.7443889551087656,
            0.593517981058096,
            0.6200981178642685,
            0.23038044448285364,
            0.3857198394849682,
            0.25454876398039095,
            0.37375319453492967,
            0.3607377896867111,
            0.4158157946546978,
            0.6473542606119815,
            0.6352490740332377,
            0.7386268253928869,
            0.057837253424276355,
            0.5500304288998576,
            0.6932276613895496,
            0.4688912789490805,
            0.41956324659579824,
            0.3090823218141053,
            0.6956339577016097,
            0.23178460366960776,
            0.728278930525593,
            0.6417429493557518,
            0.12461925464784418,
            0.2586935578903643
        ],
        "cav2": [
            0.6050614545822964,
            0.40020028221619663,
            0.52180878699576,
            0.3664605843247989,
            0.47469199690713054,
            0.2405514515355542,
            0.4674405056800879,
            0.30265443729110053,
            0.6925442410693994,
            0.6514222628852143,
            0.6166114538048069,
            0.6180473026140793,
            0.4777561016800197,
            0.5288151389663754,
            0.4058225710615633,
            0.3311470654746012,
            0.5022267914342525,
            0.3498784972504948,
            0.12452644628106545,
            0.42467901299593513,
            0.3252104263502439,
            0.3127326114259728,
            0.773581896207281,
            0.5512660278464189,
            0.9620328712005037,
            0.4406715947921044,
            0.6326867385069502,
            0.3817682454796586,
            0.40910001068603
        ],