{
    "cav1": {
        "cav2": [
            0.4660213037292075,
            0.3554073885314847,
            0.6,
            0.45706217807793165,
            0.6,
            0.38977521752145494,
            0.5758602016396718,
            0.4548936183794581,
            0.46958966383660555,
            0.3970859425048268,
            0.6,
            0.38669533200442,
            0.3845194307531337,
            0.4197530048186093,
            0.4637134839765436,
            0.6,
            0.3621638260955712,
            0.3610288443609403,
            0.4673445334308168,
            0.4099757676643687,
            0.39612713812372813,
            0.4494579558968795,
            0.32294088794738235,
            0.6,
            0.4975752697367098,
            0.31903776832026726,
            0.49111785195307145,
            0.31180178024839633,
            0.6
        ],
        "cav3": [
            0.33752798347250434,
            0.45049677970799284,
            0.6,
            0.6,
            0.7970837662581867,
            0.43814529849415945,
            0.6,
            0.5321680684315271,
            0.4635852277194385,
            0.7965546054293409,
            0.6,
            0.6413382975459844,
            0.6,
            0.5191229075796339,
            0.3337862826448947,
            0.6214030258380675,
            0.5873082390380894,
            0.39312341032159964,
            0.3878221593401692,
            0.6,
            0.4867896358498142,
            0.6,
            0.3519978425421192,
            0.45330417617507945,
            0.47619468158850253,
            0.6,
            0.6303345517360791,
            0.44063787827632783,
            0.6
        ],
        "cav4": [
            0.6,
            0.6,
            0.6,
            0.7063928993782329,
            0.3422466389222265,
            0.3480844680274277,
            0.7108182788188875,
            0.5080880770274929,
            0.31280727422218474,
            0.42051278136000675,
            0.6,
            0.31369425280993773,
            0.36374731386821396,
            0.3514332123862327,
            0.4341447548373302,
            0.4255445642571309,
            0.4398033939421996,
            0.637159295138989,
            0.6,
            0.703276430372564,
            0.32911656592087424,
            0.4463619195748728,
            0.6,
            0.5718219375089154,
            0.36265845390461504,
            0.6,
            0.6,
            0.40702930408409527,
            0.5563212639494594
        ]
    },
    "cav2": {
        "cav1": [
            0.6,
            0.3803731746098644,
            0.35638707391186014,
            0.6,
            0.499258196410505,
            0.312811504640111,
            0.6,
            0.6,
            0.6,
            0.5898440988781076,
            0.37890580059641,
            0.6960060089916852,
            0.31521982368320206,
            0.4695639248433329,
            0.6478120566167351,
            0.4587915995049924,
            0.5376484793840647,
            0.6,
            0.5314032719035248,
            0.5162290334064797,
            0.4240062616039288,
            0.6,
            0.6230518027096436,
            0.3729859772694157,
            0.45722753413288986,
            0.3489932116146593,
            0.6,
            0.5072095124455058,
            0.6
        ],
        "cav3": [
            0.40394111389549,
            0.6,
            0.6541265027310436,
            0.6,
            0.6,
            0.3955180537725561,
            0.42054847844384485,
            0.5064211508846007,
            0.6,
            0.4297910330113322,
            0.5127622383644349,
            0.46832973244744963,
            0.5352872255841609,
            0.5411516837210093,
            0.6278407086086034,
            0.5034399491506613,
            0.5542598227493384,
            0.36733642772147196,
            0.440593325425277,
            0.5018341693241951,
            0.43494464623253687,
            0.48600995434741423,
            0.7267406137471125,
            0.31667736663809865,
            0.5133181425483349,
            0.6,
            0.3643297318600847,
            0.4813473144537969,
            0.37663877032433407
        ],
        "cav4": [
            0.45713329463440866,
            0.6,
            0.33309085360558066,
            0.6238441616554238,
            0.4679943865926087,
            0.3022005157479083,
            0.690935029733386,
            0.6438947552526517,
            0.48937609772485285,
            0.5217431822207896,
            0.37373696328737666,
            0.6,
            0.4331026389244434,
            0.6631532544638948,
            0.6,
            0.5013683565802991,
            0.3058182544537329,
            0.4581144339636827,
            0.6,
            0.45312536760247146,
            0.4427210958072861,
            0.6,
            0.3353217788065334,
            0.39447817671683444,
            0.3985537770407883,
            0.5238851595287213,
            0.47200793606217417,
            0.6957132818652559,
            0.7692627781185716
        ]
    },
    "cav3": {
        "cav1": [
            0.5201137054719072,
            0.39169767358712115,
            0.337640950139673,
            0.6,
            0.7038457814024235,
            0.6,
            0.5075229807486766,
            0.6,
            0.3464678485911422,
            0.46050361254340744,
            0.46204747802568313,
            0.4190504274301452,
            0.3168422844910737,
            0.6339173751600876,
            0.6,
            0.4871984310433719,
            0.31739623854593696,
            0.6,
            0.3418872739448153,
            0.3225747825838959,
            0.6,
            0.6,
            0.6,
            0.6,
            0.6,
            0.685807549193161,
            0.38545701555937134,
            0.747952606136489,
            0.36175495331355356
        ],
        "cav2": [
            0.6,
            0.40028614423604975,
            0.6,
            0.6,
            0.4100512490284214,
            0.4828596589464849,
            0.6,
            0.803698123745316,
            0.5236314995522232,
            0.6221130259856507,
            0.480596084679088,
            0.6,
            0.4975803349901464,
            0.6,
            0.49893827821839815,
            0.740003002244422,
            0.39157632928195707,
            0.6,
            0.5502239737947713,
            0.36062163172601125,
            0.6682127439849895,
            0.6975595126505815,
            0.37837367431548935,
            0.6,
            0.3024858161525175,
            0.6,
            0.5780878745121635,
            0.5172485880793675,
            0.6
        ],
        "cav4": [
            0.43091291019234435,
            0.515716118969158,
            0.6,
            0.4212058941688512,
            0.3357003868169949,
            0.5616820635700844,
            0.6,
            0.6,
            0.6,
            0.5097628544088367,
            0.4746670187874816,
            0.4332038111192793,
            0.4996137203709126,
            0.5008461043791412,
            0.6,
            0.42856092926450196,
            0.37377893749492896,
            0.6,
            0.7671430312965418,
            0.4744296905631592,
            0.44327049037144844,
            0.6,
            0.43055079549959513,
            0.6831832599625709,
            0.3275301638867258,
            0.3532825671599419,
            0.6,
            0.6,
            0.4760917498892173
        ]
    },