{
    "cav1": {
            "cav2": [
                0.44685600761265043,
                0.22813929412641812,
                0.3177665906597799,
                0.4339648138193468,
                0.15228418939615404,
                0.49408598801469095,
                0.5701278491673603,
                0.38373410519900647,
                0.3864480575143489
            ],
            "cav3": [
                0.3110071675589226,
                0.5120249397334966,
                0.30799005865653223,
                0.4541053035504118,
                0.3864513956392143,
                0.41224064557162593,
                0.4429702416871815,
                0.2617384548554156,
                0.25208275084498827
            ],
            "cav4": [
                0.4712051836622126,
                0.382334404564027,
                0.1412710980494581,
                0.4621664564199264,
                0.5363506231281484,
                0.5202590530661282,
                0.24391300866457444,
                0.42846555894544414,
                0.37528499158657147
            ]
    },
    "cav2": {
            "cav1": [
                0.5043882956054324,
                0.6,
                0.6,
                0.6,
                0.6,
                0.7891642288561551,
                0.6,
                0.6396076571097834,
                0.6
            ],
            "cav3": [
                0.29847345143740817,
                0.6,
                0.6,
                0.6,
                0.6,
                0.6001552877855256,
                0.6,
                0.6020644809194681,
                0.6
            ],
            "cav4": [
                0.6,
                0.6,
                0.6,
                0.6,
                0.6,
                0.6,
                0.6,
                0.6,
                0.7747349297731828
            ]
    },
    "cav3": {
            "cav1": [
                0.5164458219308941,
                0.6,
                0.6,
                0.8756808242428609,
                0.6,
                0.6,
                0.6,
                0.6596183610605683,
                0.6
            ],
            "cav2": [
                0.5877371681116093,
                0.6,
                0.6,
                0.6,
                0.6,
                0.6,
                0.6,
                0.6,
                0.6
            ],
            "cav4": [
                0.8177327488076401,
                0.6,
                0.6,
                0.6,
                0.6,
                0.6,
                0.6,
                0.6,
                0.6
            ]
    },
    "cav4": {
            "cav1": [
                0.7866543160210322,
                0.6,
                0.6,
                0.7118544526575526,
                0.6,
                0.6,
                0.6,
                0.6,
                0.6
            ],
            "cav2": [
                0.6,
                0.6,
                0.7194002270887373,
                0.6,
                0.8892880802542057,
                0.6,
                0.6,
                0.6,
                0.6
            ],
            "cav3": [
                0.6,
                0.7159164732520642,
                0.6,
                0.6,
                0.6,
                0.6,
                0.6,
                0.6,
                0.6
            ]
    }
}