{
    "cav1": {
        "cav2": [
            0.25914368940891713,
            0.550248998180177,
            0.6,
            0.6,
            0.6,
            0.6,
            0.6,
            0.6,
            0.7738734770237651,
            0.6,
            0.6846242135390372,
            0.6,
            0.6,
            0.6,
            0.6,
            0.6,
            0.6,
            0.6,
            0.6,
            0.50321507231622,
            0.6,
            0.5372901083569168,
            0.5406541498272485,
            0.6,
            0.5217275615001797,
            0.6,
            0.6,
            0.6,
            0.5651283649926464
        ],
        "cav3": [
            0.37517396416610294,
            0.6,
            0.5552336184193126,
            0.6,
            0.6,
            0.6,
            0.6,
            0.5377923935776003,
            0.6,
            0.6345464992524394,
            0.5470979528700249,
            0.6,
            0.5814583194711161,
            0.6,
            0.5153943380158912,
            0.6,
            0.5706132653048295,
            0.6407028682595303,
            0.6,
            0.6,
            0.5245270230353715,
            0.6,
            0.6,
            0.6,
            0.6,
            0.6,
            0.6,
            0.5535646006415819,
            0.576571504664866
        ],
        "cav4": [
            0.2906540609750623,
            0.7930477055809795,
            0.5719607612771745,
            0.5159167713679896,
            0.5196570614991611,
            0.5000661038930985,
            0.6,
            0.7815700582793462,
            0.686864676648564,
            0.6,
            0.6,
            0.5594841378488633,
            0.6,
            0.6717529316799272,
            0.5516797615643417,
            0.6188631258261615,
            0.5089411314485967,
            0.5421168701266355,
            0.6,
            0.5112530579550546,
            0.6,
            0.6,
            0.5477843524444872,
            0.6084001080834218,
            0.5798072888549637,
            0.6,
            0.5735072890290103,
            0.6,
            0.5278927621762052
        ]
    },
    "cav2": {
        "cav1": [
            0.39880267346885157,
            0.6,
            0.6,
            0.5901765042360936,
            0.6,
            0.5145962037500645,
            0.6,
            0.6,
            0.6,
            0.5275461523007601,
            0.6,
            0.6,
            0.6,
            0.6,
            0.6,
            0.6,
            0.6,
            0.6,
            0.6,
            0.6,
            0.6,
            0.6,
            0.6,
            0.6,
            0.6,
            0.6,
            0.6,
            0.6,
            0.6
        ],
        "cav3": [
            0.3586255848979321,
            0.6,
            0.6,
            0.6,
            0.6,
            0.6354456281482735,
            0.602042690111497,
            0.6,
            0.6,
            0.6,
            0.6,
            0.6,
            0.6,
            0.6,
            0.5931805434476188,
            0.6,
            0.6,
            0.6,
            0.6,
            0.6,
            0.6,
            0.5207908049948137,
            0.6,
            0.6,
            0.6,
            0.6647242270568754,
            0.5909859467747229,
            0.6564682035656064,
            0.7135294844112079
        ],
        "cav4": [
            0.6,
            0.6,
            0.5548537849601284,
            0.6,
            0.6,
            0.6,
            0.5044131078496729,
            0.6,
            0.6,
            0.6,
            0.6,
            0.6,
            0.6,
            0.6,
            0.6,
            0.6,
            0.6249368816080099,
            0.6,
            0.6,
            0.6,
            0.5164560352283023,
            0.6,
            0.6,
            0.6,
            0.6,
            0.6,
            0.6,
            0.6,
            0.6
        ]
    },
    "cav3": {
        "cav1": [
            0.2860340819146725,
            0.6,
            0.6,
            0.6,
            0.6,
            0.6,
            0.6,
            0.5045323954736359,
            0.5552260639529936,
            0.5434649322431317,
            0.6,
            0.6,
            0.6,
            0.6,
            0.5996082188385676,
            0.6,
            0.6,
            0.6,
            0.6,
            0.6087886229848979,
            0.5146470026012735,
            0.6359463296532694,
            0.6,
            0.6,
            0.5485836201827913,
            0.6,
            0.6,
            0.6,
            0.6
        ],
        "cav2": [
            0.5089876562330796,
            0.6,
            0.6,
            0.5625852254157377,
            0.6,
            0.6,
            0.6,
            0.6,
            0.6592043850985942,
            0.6,
            0.6,
            0.6,
            0.6,
            0.6,
            0.6,
            0.5217987867408749,
            0.6,
            0.6154903393098127,
            0.6,
            0.6,
            0.5158614070096459,
            0.6,
            0.6,
            0.6,
            0.6,
            0.6,
            0.6,
            0.6,
            0.6
        ],
        "cav4": [
            0.6,
            0.5433603962443082,
            0.6,
            0.6,
            0.6,
            0.6,
            0.6,
            0.7655008786637884,
            0.6,
            0.6,
            0.6,
            0.6,
            0.6,
            0.6,
            0.6,
            0.6,
            0.7399897260671683,
            0.5151044634016995,
            0.6,
            0.6,
            0.6,
            0.6,
            0.6,
            0.6,
            0.6,
            0.5519460442025662,
            0.5811100961442249,
            0.5949515649471085,
            0.6
        ]
    },
    "cav4": {
        "cav1": [
            0.6894676564114149,
            0.5315802663877364,
            0.5313249352730849,
            0.6,
            0.7046536215121045,
            0.7499316241496757,
            0.6,
            0.6,
            0.6,
            0.6,
            0.6,
            0.6,
            0.6,
            0.6,
            0.5733266338088683,
            0.6,
            0.7527252675074838,
            0.5248053721120692,
            0.6,
            0.6,
            0.6,
            0.6,
            0.6,
            0.6,
            0.6,
            0.7707509675029082,
            0.5731198012872672,
            0.5128961598625443,
            0.6
        ],
        "cav2": [
            0.17925781938207616,
            0.6,
            0.6,
            0.5787107736937308,
            0.8342599171524545,
            0.5387575332958667,
            0.6,
            0.6,
            0.6,
            0.6,
            0.6,
            0.5622703488381908,
            0.6,
            0.6,
            0.6,
            0.6,
            0.5640723677114918,
            0.7273378013357672,
            0.6,
            0.6,
            0.6,
            0.647654676778197,
            0.5175022553994237,
            0.6,
            0.6,
            0.6,
            0.5923530499862015,
            0.6,
            0.6
        ],