{
    "cav1": {
        "cav2": [
            0.2722514485043721,
            0.6,
            0.6,
            0.6835610766563314,
            0.6,
            0.6,
            0.6,
            0.6783651396924546,
            0.6,
            0.6,
            0.6,
            0.5066463632857919,
            0.6586769543921704,
            0.6,
            0.6,
            0.6,
            0.5288900032705619,
            0.6,
            0.6,
            0.6,
            0.6,
            0.6,
            0.6,
            0.6,
            0.6,
            0.6,
            0.6,
            0.6,
            0.7981260481013642,
            0.6,
            0.5972151128865929
        ],
        "cav3": [
            0.6,
            0.6,
            0.6,
            0.6,
            0.6,
            0.6,
            0.6,
            0.6789400688087812,
            0.6,
            0.6,
            0.6,
            0.6,
            0.6,
            0.6,
            0.6170697783564842,
            0.5301853662065051,
            0.6,
            0.6,
            0.6285556623943778,
            0.6,
            0.6,
            0.6,
            0.6,
            0.5699240756069488,
            0.7714651124447519,
            0.6,
            0.6,
            0.6,
            0.6,
            0.6,
            0.6
        ],
        "cav4": [
            0.6,
            0.6,
            0.8059111334545285,
            0.6956152111130937,
            0.5322780467606628,
            0.5466823414224472,
            0.8231494112389106,
            0.6,
            0.6,
            0.6,
            0.5706533933621988,
            0.5234211193270697,
            0.6,
            0.5836327598565794,
            0.6,
            0.6,
            0.6,
            0.6,
            0.5713005057180737,
            0.6996352789835997,
            0.6,
            0.526867572016337,
            0.649039484819734,
            0.6,
            0.6,
            0.5255447396999706,
            0.591048826439623,
            0.6544365261595094,
            0.6,
            0.6,
            0.6
        ]
    },
    "cav2": {
        "cav1": [
            0.4486009381148114,
            0.2042428022261997,
            0.5407391189000712,
            0.6237863766915622,
            0.6,
            0.6,
            0.6,
            0.6,
            0.6,
            0.6,
            0.6,
            0.6,
            0.6,
            0.6,
            0.6,
            0.6,
            0.6,
            0.6,
            0.6,
            0.6,
            0.6222390418411545,
            0.6,
            0.6,
            0.6,
            0.8018994287432004,
            0.6,
            0.6,
            0.6,
            0.6,
            0.5115104392999136,
            0.5779488798071813
        ],
        "cav3": [
            0.37373669413792243,
            0.6,
            0.6748716282933651,
            0.6,
            0.5000747236567787,
            0.6,
            0.5432260772231247,
            0.6,
            0.6231098117673208,
            0.6,
            0.6,
            0.6,
            0.6,
            0.6,
            0.6,
            0.6,
            0.6,
            0.6,
            0.6,
            0.8228628772396678,
            0.6,
            0.600222482072787,
            0.5475110278032181,
            0.5329760743990103,
            0.6,
            0.6,
            0.6,
            0.6499364313619977,
            0.6,
            0.6896134465934413,
            0.6
        ],
        "cav4": [
            0.9264420333704857,
            0.6283203025968035,
            0.6,
            0.6,
            0.6,
            0.6,
            0.6,
            0.6,
            0.6,
            0.6,
            0.621112642357917,
            0.6,
            0.6,
            0.5215539887863053,
            0.6,
            0.5490035538544789,
            0.6,
            0.6,
            0.555420600248253,
            0.6,
            0.6,
            0.6,
            0.6,
            0.6,
            0.6,
            0.6,
            0.6,
            0.6,
            0.6,
            0.6,
            0.5007805693619451
        ]
    },
    "cav3": {
        "cav1": [
            0.2771787497347912,
            0.6036048763286485,
            0.6,
            0.6,
            0.6,
            0.6,
            0.6,
            0.6,
            0.6,
            0.6,
            0.6,
            0.5198598158919393,
            0.6,
            0.6,
            0.644734271442556,
            0.6,
            0.6,
            0.5517232192487745,
            0.6,
            0.6061948943602773,
            0.6,
            0.6,
            0.6,
            0.6,
            0.6,
            0.6,
            0.6,
            0.6315226929149474,
            0.6,
            0.5592841478939369,
            0.6
        ],
        "cav2": [
            0.06792933865811344,
            0.5759795396488419,
            0.6,
            0.5214341617336544,
            0.5865542237838485,
            0.768004141658273,
            0.6,
            0.6,
            0.5778206848739655,
            0.8554665351827823,
            0.6,
            0.6,
            0.5358031770829803,
            0.6,
            0.7327155236495824,
            0.6,
            0.6,
            0.6,
            0.6446552569816425,
            0.6,
            0.5629213646332076,
            0.6,
            0.6,
            0.6,
            0.6,
            0.6,
            0.6,
            0.6937972497240066,
            0.6,
            0.6,
            0.6
        ],
        "cav4": [
            0.292777763811845,
            0.6,
            0.6,
            0.5578313455066665,
            0.6,
            0.6,
            0.6,
            0.6,
            0.6,
            0.5594820117227856,
            0.6,
            0.6,
            0.6,
            0.7574739981726859,
            0.6,
            0.6310866338033683,
            0.6,
            0.5358016635089512,
            0.5982924928218055,
            0.6,
            0.5868861058568912,
            0.5702810544040161,
            0.6,
            0.6,
            0.6,
            0.6,
            0.6,
            0.6,
            0.6,
            0.6,
            0.6
        ]
    },
    "cav4": {
        "cav1": [
            0.3410716733000132,
            0.6,
            0.6,
            0.6461144794355912,
            0.6,
            0.6,
            0.6950548397979519,
            0.6,
            0.6,
            0.6,
            0.6,
            0.5512309286142367,
            0.5874112874745955,
            0.6,
            0.6,
            0.6,
            0.6,
            0.5041761782260201,
            0.6,
            0.6,
            0.6,
            0.6,
            0.6,
            0.6,
            0.6,
            0.6,
            0.6,
            0.6,
            0.6743173470839752,
            0.5139156454013385,
            0.6
        ],
        "cav2": [
            0.5070082368277246,
            0.6,
            0.6,
            0.6,
            0.6,
            0.5455358498244435,
            0.6,
            0.5868799400990816,
            0.6,
            0.5564247303015115,
            0.61197311690153,
            0.6,
            0.6,
            0.5380711783843196,
            0.6,
            0.6,
            0.6107119097703746,
            0.6680356143236762,
            0.6,
            0.5438513103345999,
            0.6,
            0.5951162209026568,
            0.5715756685796917,
            0.6,
            0.5347046532963841,
            0.6,
            0.6,
            0.6,
            0.6,
            0.6,
            0.6
        ],