{
    "cav1": {
        "cav2": [
            0.3150925326444443,
            0.40517337441797124,
            0.40260174740968263,
            0.6028815419735165,
            0.17643922080365723,
            0.259205442741672,
            0.31440950287695757,
            0.31912654133636004,
            0.6,
            0.45531280948553277,
            0.037332435124022796,
            0.49294509044228046,
            0.6171958983538953,
            0.2906643186668109,
            0.3497109760135598,
            0.28305550070462104,
            0.24279278810227795,
            0.45035155027992285,
            0.5165144012321636,
            0.8141985546974171,
            0.35501550698276835,
            0.4655823955944209,
            0.3509564510585796,
            0.5132581172490881,
            0.5033640205544713,
            0.44741475741716275,
            0.5789594108600077,
            0.3867229501662973,
            0.5960444219129025,
            0.6,
            0.09070670479936623
        ],
        "cav3": [
            0.36401322686615445,
            0.2000157698074096,
            0.48661287456876745,
            0.37848295213230304,
            0.09635012477416476,
            0.32459554141548475,
            0.2210326243939994,
            0.5255809174332223,
            0.6,
            0.4172644113283071,
            0.4493002191535993,
            0.27756907058239766,
            0.13284316935657436,
            0.3899687595670516,
            0.353146754939874,
            0.12369532226273297,
            0.30240360345946854,
            0.3045517343726215,
            0.8106701274080418,
            0.05465434653805691,
            0.5202034475750554,
            0.08621692663900027,
            0.5301151471860651,
            0.304611073693161,
            0.5984295895342917,
            0.6957389365651064,
            0.4691315768017266,
            0.5021189993094023,
            0.40673780674029847,
            0.6,
            0.6
        ],
        "cav4": [
            0.4338488635878211,
            0.4075838505510497,
            0.27383810262886654,
            0.14779471880274353,
            0.4177481614216724,
            0.36149817896880376,
            0.25822225630091494,
            0.3667635604412412,
            0.5166176104488373,
            0.32194452411980606,
            0.32118604084045926,
            0.7389811887944425,
            0.4145846830507083,
            0.8165517484823831,
            0.688214638710825,
            0.4294706861367135,
            0.531143532320096,
            0.4879566572918658,
            0.4496566156264746,
            0.36544564534631857,
            0.3004006910518769,
            0.464751950495275,
            0.2327057792600324,
            0.31847159870131686,
            0.5810876127395365,
            0.7358730204213187,
            0.4315189559156727,
            0.019970690089426642,
            0.5482574364127812,
            0.2857996859299012,
            0.6
        ]
    },
    "cav2": {
        "cav1": [
            0.2661505613636537,
            0.5354142263389216,
            0.15485646800073674,
            0.20552172349471606,
            0.7117020507763178,
            0.18697615022842085,
            0.3242896932692807,
            0.4494321352351181,
            0.41392958007640374,
            0.7550405850589306,
            0.5295204257055585,
            0.48461853455343423,
            0.39357682073170963,
            0.2604526618203827,
            0.3015907747289901,
            0.08814653125086407,
            0.27446497794185487,
            0.36888764033578914,
            0.2889974970414375,
            0.2517987718598889,
            0.17679970171622136,
            0.3377711571225565,
            0.37320626082204117,
            0.31300908704635855,
            0.5868594088067768,
            0.49799207372763926,
            0.28703710936936616,
            0.5723127251575666,
            0.3364426152274045,
            0.4955492858131412,
            0.4207154789810118
        ],
        "cav3": [
            0.6931228315037427,
            0.47660113613614463,
            0.34950993555740856,
            0.6,
            0.27139324435300016,
            0.6216649710497696,
            0.48806232540118455,
            0.403930225780277,
            0.2771216223653517,
            0.7582505139083209,
            0.7481462731297099,
            0.29857161394689774,
            0.2708848242078355,
            0.5204574958732457,
            0.5897767266426653,
            0.579006168997421,
            0.274144241140764,
            0.6,
            0.24922074482551362,
            0.2543699016452946,
            0.3915702090515364,
            0.4018245022087458,
            0.724051579824919,
            0.520653150568708,
            0.2439853221747581,
            0.5603199219381497,
            0.43456909255480153,
            0.3491745302382676,
            0.2746145820274469,
            0.32248428880942326,
            0.44617932788914605
        ],
        "cav4": [
            0.1547069651528189,
            0.37411035465438036,
            0.2909023747065069,
            0.6,
            0.5306437778428108,
            0.3625729345456256,
            0.20617464490976053,
            0.5510277618146762,
            0.3564563943709077,
            0.36450412283301,
            0.2882564376608359,
            0.5668034554596489,
            0.7404639415085982,
            0.3738919778512625,
            0.15799636771346529,
            0.4360899376154158,
            0.5203491155015664,
            0.6,
            0.38026616759042314,
            0.17187097408468008,
            0.16746144026895685,
            0.11203649906622692,
            0.7008010727036487,
            0.3914888515379634,
            0.5723056337309639,
            0.5858494542070073,
            0.5088674579934749,
            0.3860092684057657,
            0.29946284693474257,
            0.393404957470697,
            0.5220414977129905
        ]
    },
    "cav3": {
        "cav1": [
            0.42175567082723586,
            0.6386652187243121,
            0.3370272152107762,
            0.30511771954717165,
            0.6,
            0.3977830260746773,
            0.4629051846331461,
            0.4906313168325109,
            0.31429248588119946,
            0.4195690983378865,
            0.4039019146553047,
            0.5707807826125845,
            0.37211233054684334,
            0.6,
            0.26509968614850893,
            0.38013300747551404,
            0.07455438367422003,
            0.20358836152798399,
            0.3980600962053783,
            0.5155059260199829,
            0.46876813749331564,
            0.41856057987061396,
            0.49840067333182986,
            0.36212755107597255,
            0.4350960252977914,
            0.5421265425276353,
            0.3761326294087008,
            0.5421926018331376,
            0.3183110072820322,
            0.3518298899519505,
            0.37726148599330556
        ],