{
    "cav1": {
        "human_trust_level": 0.8,
        "requires_trust_history": true,
        "trust_frames_required": 3,
        "trust_scores": {
            "cav2": [
                0.33,
                0.16700520495319932,
                0.2342449816942118,
                0.5140994014569042,
                0.043448009575701114,
                0.4221065999868394,
                0.48391020473016344,
                0.19936131330942594,
                0.7808671998417531
            ],
            "cav3": [
                0.33,
                0.39847994735669756,
                0.41536480720224794,
                0.5795133098063665,
                0.3789208478175997,
                0.47241350076932864,
                0.40682673499603844,
                0.15854526666856017,
                0.6655663598415245
            ],
            "cav4": [
                0.34,
                0.43763246532062616,
                0.6844217283210753,
                0.21559504206182906,
                0.694973494091743,
                0.42821749885127486,
                0.589306646834366,
                0.5813206986587302,
                0.46050594459713695
            ]
        },
        "detected_objects": [
            {
                "frame": 1,
                "objects": [
                    {
                        "label": "bottle",
                        "confidence": 0.3668787181377411,
                        "box": [
                            [
                                719.8309936523438,
                                664.5648193359375,
                                898.9026489257812,
                                1145.621337890625
                            ]
                        ]
                    }
                ],
                "scene_label": "pill bottle",
                "confidence": 8.027798652648926
            },
            {
                "frame": 2,
                "objects": [
                    {
                        "label": "bottle",
                        "confidence": 0.6942054629325867,
                        "box": [
                            [
                                554.9688720703125,
                                654.0535278320312,
                                728.7653198242188,
                                1133.46044921875
                            ]
                        ]
                    }
                ],
                "scene_label": "pill bottle",
                "confidence": 9.568717002868652
            },
            {
                "frame": 3,
                "objects": [
                    {
                        "label": "bottle",
                        "confidence": 0.26776525378227234,
                        "box": [
                            [
                                304.4195251464844,
                                642.234375,
                                477.9939880371094,
                                1128.0128173828125
                            ]
                        ]
                    }
                ],
                "scene_label": "pill bottle",
                "confidence": 9.08607006072998
            },
            {
                "frame": 4,
                "objects": [
                    {
                        "label": "bottle",
                        "confidence": 0.4521690309047699,
                        "box": [
                            [
                                77.2782211303711,
                                643.5443115234375,
                                249.4972381591797,
                                1122.8082275390625
                            ]
                        ]
                    }
                ],
                "scene_label": "perfume",
                "confidence": 7.062845706939697
            },
            {
                "frame": 5,
                "objects": [],
                "scene_label": "parallel bars",
                "confidence": 4.818885326385498
            },
            {
                "frame": 6,
                "objects": [],
                "scene_label": "parallel bars",
                "confidence": 6.809925079345703
            },
            {
                "frame": 7,
                "objects": [],
                "scene_label": "parallel bars",
                "confidence": 5.12933349609375
            },
            {
                "frame": 8,
                "objects": [],
                "scene_label": "lighthouse",
                "confidence": 6.107935905456543
            },
            {
                "frame": 9,
                "objects": [],
                "scene_label": "parallel bars",
                "confidence": 6.252439022064209
            },
            {
                "frame": 10,
                "objects": [],
                "scene_label": "albatross",
                "confidence": 5.674679279327393
            }
        ]
    },
    "cav2": {
        "human_trust_level": 0.8,
        "requires_trust_history": true,
        "trust_frames_required": 3,
        "trust_scores": {
            "cav1": [
                0.33,
                0.4115433433282556,
                0.6904681739891766,
                0.7190605800530039,
                0.18143861433452135,
                0.22163571166530188,
                0.16887974635665964,
                0.5930612659830057,
                0.37473582380315384
            ],
            "cav3": [
                0.33,
                0.30429153328652436,
                0.23296626418862765,
                0.41014815672826127,
                0.16018786798768908,
                0.5321401568103747,
                0.49348515293205997,
                0.36742097842284827,
                0.33104178752427693
            ],
            "cav4": [
                0.34,
                0.4380184045533526,
                0.6162300527677903,
                0.29687656831026493,
                0.4737342112620013,
                0.2813830285086314,
                0.5687820516335558,
                0.5315362884675798,
                0.5461956805835302
            ]
        },
        "detected_objects": [
            {
                "frame": 1,
                "objects": [
                    {
                        "label": "bottle",
                        "confidence": 0.8941806554794312,
                        "box": [
                            [
                                670.0079956054688,
                                178.6329345703125,
                                1080.0,
                                1345.7608642578125
                            ]
                        ]
                    }
                ],
                "scene_label": "pill bottle",
                "confidence": 9.195980072021484
            },
            {
                "frame": 2,
                "objects": [
                    {
                        "label": "bottle",
                        "confidence": 0.9424511790275574,
                        "box": [
                            [
                                286.3424377441406,
                                192.523681640625,
                                715.941162109375,
                                1342.6453857421875
                            ]
                        ]
                    }
                ],
                "scene_label": "pill bottle",
                "confidence": 10.938824653625488
            },
            {
                "frame": 3,
                "objects": [
                    {
                        "label": "bottle",
                        "confidence": 0.6947113871574402,