{
    "cav1": {
        "human_trust_level": 0.6,
        "trust_scores": {
            "cav2": [
                0.07165399433691359,
                0.27824886411555866,
                0.789983721544773,
                0.6,
                0.6,
                0.6,
                0.7010778926866347,
                0.6,
                0.6
            ],
            "cav3": [
                0.3955499767649686,
                0.5787856433195175,
                0.6,
                0.7994013086767919,
                0.6,
                0.6,
                0.6,
                0.6,
                0.6
            ],
            "cav4": [
                0.5274136105961239,
                0.4060194331192924,
                0.6,
                0.6,
                0.6,
                0.6,
                0.8879100304160421,
                0.6,
                0.6
            ]
        },
        "detected_objects": [
            {
                "frame": 1,
                "objects": [
                    {
                        "label": "bottle",
                        "confidence": 0.3668787181377411,
                        "box": [
                            [
                                719.8309936523438,
                                664.5648193359375,
                                898.9026489257812,
                                1145.621337890625
                            ]
                        ]
                    }
                ],
                "scene_label": "pill bottle",
                "confidence": 8.027798652648926
            },
            {
                "frame": 2,
                "objects": [
                    {
                        "label": "bottle",
                        "confidence": 0.6942054629325867,
                        "box": [
                            [
                                554.9688720703125,
                                654.0535278320312,
                                728.7653198242188,
                                1133.46044921875
                            ]
                        ]
                    }
                ],
                "scene_label": "pill bottle",
                "confidence": 9.568717002868652
            },
            {
                "frame": 3,
                "objects": [
                    {
                        "label": "bottle",
                        "confidence": 0.26776525378227234,
                        "box": [
                            [
                                304.4195251464844,
                                642.234375,
                                477.9939880371094,
                                1128.0128173828125
                            ]
                        ]
                    }
                ],
                "scene_label": "pill bottle",
                "confidence": 9.08607006072998
            },
            {
                "frame": 4,
                "objects": [
                    {
                        "label": "bottle",
                        "confidence": 0.4521690309047699,
                        "box": [
                            [
                                77.2782211303711,
                                643.5443115234375,
                                249.4972381591797,
                                1122.8082275390625
                            ]
                        ]
                    }
                ],
                "scene_label": "perfume",
                "confidence": 7.062845706939697
            },
            {
                "frame": 5,
                "objects": [],
                "scene_label": "parallel bars",
                "confidence": 4.818885326385498
            },
            {
                "frame": 6,
                "objects": [],
                "scene_label": "parallel bars",
                "confidence": 6.809925079345703
            },
            {
                "frame": 7,
                "objects": [],
                "scene_label": "parallel bars",
                "confidence": 5.12933349609375
            },
            {
                "frame": 8,
                "objects": [],
                "scene_label": "lighthouse",
                "confidence": 6.107935905456543
            },
            {
                "frame": 9,
                "objects": [],
                "scene_label": "parallel bars",
                "confidence": 6.252439022064209
            },
            {
                "frame": 10,
                "objects": [],
                "scene_label": "albatross",
                "confidence": 5.674679279327393
            }
        ]
    },
    "cav2": {
        "human_trust_level": 0.6,
        "trust_scores": {
            "cav1": [
                0.21463133224053949,
                0.6184003467524076,
                0.6,
                0.6,
                0.6,
                0.6,
                0.6,
                0.7115457017794661,
                0.6
            ],
            "cav3": [
                0.19207649795673867,
                0.6,
                0.6,
                0.6,
                0.6,
                0.6,
                0.6,
                0.6,
                0.6
            ],
            "cav4": [
                0.43243244534388,
                0.6,
                0.6,
                0.6,
                0.6,
                0.6,
                0.6,
                0.6,
                0.6
            ]
        },
        "detected_objects": [
            {
                "frame": 1,
                "objects": [
                    {
                        "label": "bottle",
                        "confidence": 0.8941806554794312,
                        "box": [
                            [
                                670.0079956054688,
                                178.6329345703125,
                                1080.0,
                                1345.7608642578125
                            ]
                        ]
                    }
                ],
                "scene_label": "pill bottle",
                "confidence": 9.195980072021484
            },
            {
                "frame": 2,
                "objects": [
                    {
                        "label": "bottle",
                        "confidence": 0.9424511790275574,
                        "box": [
                            [
                                286.3424377441406,
                                192.523681640625,
                                715.941162109375,
                                1342.6453857421875
                            ]
                        ]
                    }
                ],
                "scene_label": "pill bottle",
                "confidence": 10.938824653625488
            },
            {
                "frame": 3,
                "objects": [
                    {
                        "label": "bottle",
                        "confidence": 0.6947113871574402,
                        "box": [
                            [
                                2.94415283203125,
                                171.7862548828125,
                                279.1449279785156,
                                1332.7178955078125
                            ]
                        ]
                    }
                ],
                "scene_label": "pill bottle",
                "confidence": 13.559309959411621
            },
            {
                "frame": 4,
                "objects": [],
                "scene_label": "parallel bars",
                "confidence": 8.820388793945312
            },
            {
                "frame": 5,
                "objects": [],
                "scene_label": "parallel bars",
                "confidence": 8.23200798034668
            },
            {
                "frame": 6,
                "objects": [],