{
    "cav1": {
        "cav2": [
            0.5807383509514442,
            0.322159804367514,
            0.6244690440667431,
            0.3873230857208849,
            0.16772001788171495,
            0.12374557160978822,
            0.13846557326959844,
            0.44315651666778155,
            0.4212490217569,
            0.4959891216066385,
            0.5529116507031919,
            0.8417284240280162,
            0.38178049046069273,
            0.419507416992749,
            0.5592877032085406,
            0.3607899713333756,
            0.3722370502394997,
            0.6592538714980197
        ],
        "cav3": [
            0.49854003946834025,
            0.5837600484757185,
            0.24144639740070223,
            0.44898071995370187,
            0.22634557672172953,
            0.3716042388298568,
            0.4211417468355608,
            0.5868015093465546,
            0.12875076814693223,
            0.24761849703658503,
            0.0913615010947375,
            0.8191547065728064,
            0.19014317228887043,
            0.37870542476947916,
            0.28765660375604446,
            0.20265853684189178,
            0.31401296715092936,
            0.36915369664299075
        ],
        "cav4": [
            0.32082636294171185,
            0.025352058792315637,
            0.325324305612955,
            0.7867063573007113,
            0.41965250613968685,
            0.6381178744290325,
            0.33520400290670804,
            0.2045278603042148,
            0.15404003897067806,
            0.1723379866000687,
            0.5352774475752529,
            0.6476029715880567,
            0.19759773199929706,
            0.2244115026786403,
            0.3096992756415148,
            0.41325180394608296,
            0.4093465462593315,
            0.5732003953951228
        ]
    },
    "cav2": {
        "cav1": [
            0.5779307719592861,
            0.6329809775185082,
            0.6971025949590971,
            0.32236678947837105,
            0.35911989634809943,
            0.2603824650341146,
            0.5311164805960054,
            0.46724353265968166,
            0.5363404028929298,
            0.5087548340961741,
            0.5528734487364672,
            0.43981317795787017,
            0.38226463605355027,
            0.25728816029825646,
            0.44275745219356494,
            0.3656042956930993,
            0.6796107410856237,
            0.2829436422730054
        ],
        "cav3": [
            0.1634899327442023,
            0.46551823867284287,
            0.4039918351755771,
            0.5604243191535528,
            0.3376450466746655,
            0.461550767486743,
            0.3742942618040211,
            0.7804217360007282,
            0.37885221514753686,
            0.813797066920617,
            0.6669546407475262,
            0.6523468015315638,
            0.10261083008489028,
            0.3004550530223755,
            0.13027102011597538,
            0.39189220294945054,
            0.17740542352396324,
            0.5096221319458886
        ],
        "cav4": [
            0.3191873766023854,
            0.49682299175020445,
            0.3451229600669925,
            0.38445113293389244,
            0.7351690271184174,
            0.5427965385225815,
            0.6194227677512945,
            0.6502802303193362,
            0.25878213767508185,
            0.5805620373122836,
            0.13354332859005252,
            0.3861537549864853,
            0.36166187504004155,
            0.2664997235110328,
            0.46817431450856795,
            0.07241682108290641,
            0.41467983540903536,
            0.4440642133106969
        ]
    },
    "cav3": {
        "cav1": [
            0.20361121478691838,
            0.21626612015195948,
            0.3269772148222803,
            0.5104708183110056,
            0.6,
            0.3289454507162627,
            0.39721013384846376,
            0.06828950363959199,
            0.4615058826743001,
            0.8390574701464211,
            0.39451929343565484,
            0.4921198713144542,
            0.21439289869856218,
            0.13370447644044986,
            0.4746572320743525,
            0.40401548512519864,
            0.5961391729521515,
            0.25279103327294106
        ],
        "cav2": [
            0.8646148654707769,
            0.45088505632953263,
            0.47001034332341096,
            0.09792497582179528,
            0.4585649470801809,
            0.18058459442989247,
            0.6367782790080136,
            0.551951488974791,
            0.5366074450848505,
            0.6782267939663572,
            0.2927788602436285,
            0.371763335069156,
            0.5442614513918472,
            0.49634747053482103,
            0.5106924641882007,
            0.5618428634029698,
            0.6259051823587917,
            0.5187947094872623
        ],
        "cav4": [
            0.5227423065203723,
            0.547024635041996,
            0.7016774681072685,
            0.6,
            0.27658143168942306,
            0.43507313610550763,
            0.4663549306014951,
            0.2804944957406958,
            0.4715671745060514,
            0.3899722198312328,
            0.5535379817382369,
            0.19155796801184985,
            0.5358502046684429,
            0.5420297715922797,
            0.40433832495735356,
            0.49501440908986727,
            0.3451665763784885,
            0.23284034098032766
        ]
    },
    "cav4": {
        "cav1": [
            0.3534975680489363,
            0.5130675127364381,
            0.7737936769110884,
            0.32517348775090665,
            0.6477415287694848,
            0.46093941890889534,
            0.48083255468963704,
            0.4196007361316782,
            0.2670184050350644,
            0.6,
            0.4263292170104584,
            0.3936276960086764,
            0.44875739571893997,
            0.48631049302148455,
            0.3563033337171594,
            0.27272033427494097,
            0.9081979645241262,
            0.3663379273521863
        ],
        "cav2": [
            0.3427221487947332,
            0.27869156616586505,
            0.16349089502534844,
            0.3545126413671328,
            0.3949982324447567,
            0.38216246751316946,
            0.5300938453628987,
            0.27599353879440197,
            0.29420865839767835,
            0.41393573165854536,
            0.43103610269345455,
            0.2999148827709526,
            0.6,
            0.18297160556669828,
            0.3500498054671833,
            0.005129376281226739,
            0.42283390101346213,
            0.18125610408941867
        ],
        "cav3": [
            0.570452440370134,
            0.5721565163235396,
            0.3830426582800619,
            0.4709348933199975,
            0.42866195465675144,
            0.46204580073631174,
            0.5640244013637296,
            0.5616792023081881,
            0.6,
            0.5640310274660303,
            0.5461441453892669,
            0.5378790115626078,
            0.6,
            0.458267716808828,
            0.2927941245927795,
            0.2401336166038444,
            0.6058293580900012,
            0.2120722761361747
        ]
    }
}