{
    "cav1": {
        "cav2": [
            0.6,
            0.5193231177437555,
            0.6,
            0.381612122195809,
            0.6,
            0.3327048518049129,
            0.7288251754537385,
            0.4479961941489666,
            0.4789661352061477,
            0.6,
            0.6,
            0.3515085943128776,
            0.6235877668900359,
            0.6,
            0.7304105884276866,
            0.47349768343036647,
            0.4570401768010011,
            0.41381471125918395
        ],
        "cav3": [
            0.6,
            0.619719081258305,
            0.5946573186533658,
            0.5754115613920223,
            0.8790173076280422,
            0.6,
            0.687807492903501,
            0.6,
            0.6,
            0.4360524243104658,
            0.628853267691103,
            0.6616865982075467,
            0.48257006804854796,
            0.35058108169715935,
            0.6,
            0.6,
            0.31268893898827566,
            0.3146582935153008
        ],
        "cav4": [
            0.30666071756116137,
            0.3907742150443272,
            0.5737699074501006,
            0.6,
            0.5387651725823501,
            0.6788731325111041,
            0.4772585884210604,
            0.3612749278224608,
            0.74099171545547,
            0.6,
            0.6,
            0.6,
            0.34086467057490905,
            0.43321420144077005,
            0.6,
            0.555664823062932,
            0.6,
            0.6191392503896455
        ]
    },
    "cav2": {
        "cav1": [
            0.6,
            0.36213559756826663,
            0.6,
            0.6229974012448999,
            0.4682808547100679,
            0.32015595312289824,
            0.43148167447185043,
            0.6,
            0.8217045241507431,
            0.6,
            0.40849672668872916,
            0.6,
            0.5525826181060686,
            0.3630196705130821,
            0.4205843227069904,
            0.6,
            0.6,
            0.4511949753295806
        ],
        "cav3": [
            0.6141911188384841,
            0.8356151535163814,
            0.3143484638496061,
            0.6,
            0.33971545562638583,
            0.4364839780977494,
            0.3573215174845579,
            0.5700245663941956,
            0.6,
            0.48134285653641495,
            0.31335528307451954,
            0.7523425844375611,
            0.5554513254238403,
            0.6,
            0.619350767568124,
            0.6,
            0.33893535175963785,
            0.5785563587160087
        ],
        "cav4": [
            0.6,
            0.40014577457974565,
            0.4485596727109788,
            0.32534797494529427,
            0.3364614096064613,
            0.3092330883330829,
            0.5179432101725608,
            0.42289736452320437,
            0.7863489300082874,
            0.5175822488550951,
            0.3959273539808481,
            0.6,
            0.47147924868753455,
            0.7519597764736606,
            0.3052895354163347,
            0.44593260801018547,
            0.3547412617895948,
            0.4083847100232247
        ]
    },
    "cav3": {
        "cav1": [
            0.7360714399289295,
            0.45912966283070444,
            0.3768222614929616,
            0.37411384694586036,
            0.6,
            0.7836479086714032,
            0.4348214447158701,
            0.5718745986642151,
            0.4896682970453841,
            0.6,
            0.3789850425676907,
            0.6,
            0.6,
            0.6,
            0.6,
            0.3807849759292325,
            0.6,
            0.6206495586908232
        ],
        "cav2": [
            0.5939612654337333,
            0.6450074060515775,
            0.3766478653960242,
            0.5657962365261608,
            0.43540788785600393,
            0.6,
            0.6,
            0.4270333237100473,
            0.6,
            0.33534450401044175,
            0.43861089050144475,
            0.3440955600185473,
            0.6,
            0.36441159567340015,
            0.6070534133974237,
            0.5545518074595687,
            0.5004695249537056,
            0.4412629396634813
        ],
        "cav4": [
            0.34652049597597107,
            0.33651731472105145,
            0.6,
            0.49074976450125696,
            0.43641802376204,
            0.6,
            0.6,
            0.583508209475145,
            0.7068913053800394,
            0.6,
            0.6,
            0.30234216614110515,
            0.6,
            0.4199247483828677,
            0.37740658272121225,
            0.6,
            0.8612853157162578,
            0.6484698396192935
        ]
    },
    "cav4": {
        "cav1": [
            0.3876354980939314,
            0.6,
            0.6,
            0.3097699825090266,
            0.5196730684350672,
            0.3084535869086558,
            0.4275513063290357,
            0.5337544412273493,
            0.6,
            0.6,
            0.43309095361075073,
            0.5540518886304855,
            0.6,
            0.46799027196979,
            0.5262733934424423,
            0.7511480951020508,
            0.3759466419540498,
            0.445610176656581
        ],
        "cav2": [
            0.3257415962997797,
            0.3014925180987506,
            0.3190797129546528,
            0.7203687403473676,
            0.6,
            0.4732558494851518,
            0.45806686462294127,
            0.3089082853009242,
            0.5264960652536292,
            0.6718442717299912,
            0.6395292179697893,
            0.33478708122316075,
            0.6,
            0.5543683256816379,
            0.6,
            0.5489536971632569,
            0.33871775920147856,
            0.6183480268276701
        ],
        "cav3": [
            0.6,
            0.4226404979382413,
            0.4796766212448823,
            0.6,
            0.5195746921706308,
            0.6,
            0.7338890448606081,
            0.32271112069047786,
            0.421820420159751,
            0.30626071481326833,
            0.341531713238062,
            0.4924152703136953,
            0.48951751125252274,
            0.6,
            0.6,
            0.6,
            0.7007208316253588,
            0.6
        ]
    }
}