{
    "cav1": {
        "cav2": [
            0.5966642198807286,
            0.6,
            0.5936515134912614,
            0.6,
            0.6,
            0.6818364522967121,
            0.646181372546294,
            0.5784368852341903,
            0.5167458860027333,
            0.6,
            0.6,
            0.6,
            0.5614491380134329,
            0.58439745259425,
            0.6127089945538826,
            0.6,
            0.6,
            0.6
        ],
        "cav3": [
            0.6,
            0.6,
            0.6,
            0.6353261721359796,
            0.6,
            0.6037046849864135,
            0.6,
            0.6,
            0.6,
            0.6,
            0.5883358252059616,
            0.6,
            0.6,
            0.5187833211125178,
            0.6,
            0.5016621809205284,
            0.5556094080395731,
            0.6
        ],
        "cav4": [
            0.6,
            0.5018374159178597,
            0.6,
            0.6,
            0.6,
            0.6,
            0.6,
            0.5035925437239872,
            0.5397159532704636,
            0.6,
            0.6,
            0.6,
            0.5278007286990678,
            0.6788807847097744,
            0.6,
            0.6,
            0.6,
            0.6
        ]
    },
    "cav2": {
        "cav1": [
            0.205563355493194,
            0.6,
            0.6529322016230377,
            0.6,
            0.6,
            0.5392335174941335,
            0.6,
            0.6,
            0.6,
            0.5238002586345272,
            0.581582322062787,
            0.6,
            0.5443484041686056,
            0.5417042984444462,
            0.6,
            0.6,
            0.6,
            0.6534075335521646
        ],
        "cav3": [
            0.3254360586265891,
            0.6,
            0.6,
            0.7443687325336814,
            0.6,
            0.6,
            0.6,
            0.6,
            0.6,
            0.6,
            0.6,
            0.6,
            0.5240823029597979,
            0.6,
            0.6,
            0.6,
            0.6,
            0.6
        ],
        "cav4": [
            0.2776973139274781,
            0.6,
            0.6,
            0.8560717138948052,
            0.6,
            0.6,
            0.8481519069699436,
            0.6,
            0.6,
            0.6,
            0.6,
            0.539663707034707,
            0.6,
            0.6,
            0.5967712367448625,
            0.6,
            0.6,
            0.5749479722390148
        ]
    },
    "cav3": {
        "cav1": [
            0.34688410659637336,
            0.6,
            0.8478948356300396,
            0.6,
            0.6,
            0.6,
            0.6,
            0.6,
            0.6,
            0.6,
            0.7435176714258002,
            0.6441042716951885,
            0.5798883289385397,
            0.5320585665451781,
            0.6,
            0.6,
            0.6,
            0.6
        ],
        "cav2": [
            0.2851597817836383,
            0.6,
            0.6,
            0.6,
            0.6,
            0.6,
            0.6,
            0.6,
            0.6,
            0.6,
            0.6,
            0.6,
            0.6,
            0.6,
            0.6142656497555538,
            0.6,
            0.6,
            0.6
        ],
        "cav4": [
            0.204230927816681,
            0.6,
            0.6045378149017262,
            0.6285285007769889,
            0.6941566278278395,
            0.6,
            0.6,
            0.6,
            0.763063377326352,
            0.7034739596925828,
            0.6,
            0.6692121396643587,
            0.6,
            0.6,
            0.6354145683289135,
            0.6,
            0.5175343923446526,
            0.6
        ]
    },
    "cav4": {
        "cav1": [
            0.34654794700244773,
            0.6,
            0.6,
            0.6,
            0.6,
            0.6,
            0.6,
            0.5351769822334708,
            0.6,
            0.6,
            0.6,
            0.6,
            0.6209375249275578,
            0.6,
            0.5969060942730237,
            0.6,
            0.6,
            0.6802332073414242
        ],
        "cav2": [
            0.41237796288744455,
            0.6,
            0.6014921292064388,
            0.5996639670648739,
            0.6,
            0.6,
            0.6,
            0.6,
            0.7060482673515383,
            0.6,
            0.6,
            0.6,
            0.6,
            0.6,
            0.6,
            0.6,
            0.6,
            0.6
        ],
        "cav3": [
            0.8507965810672006,
            0.6,
            0.6,
            0.5894608154267266,
            0.6,
            0.6,
            0.6,
            0.6028088361442047,
            0.5042266656659592,
            0.6,
            0.6,
            0.5689056528649931,
            0.6,
            0.6,
            0.6,
            0.6,
            0.6,
            0.6
        ]
    }
}