{
    "cav1": {
        "cav2": [
            0.4795539275074688,
            0.09143974058603423,
            0.6,
            0.6,
            0.6,
            0.6,
            0.6,
            0.6,
            0.5181467888634362,
            0.6,
            0.6,
            0.5137467477936863,
            0.6301589380415717,
            0.6,
            0.6,
            0.6,
            0.6,
            0.6
        ],
        "cav3": [
            0.44397795934005096,
            0.6026531337026075,
            0.5523632272676882,
            0.6,
            0.6,
            0.6,
            0.7543378208971355,
            0.6,
            0.6,
            0.6,
            0.6,
            0.6,
            0.5175153164072905,
            0.6,
            0.6,
            0.6,
            0.6,
            0.6
        ],
        "cav4": [
            0.21740788879439654,
            0.40676324937290825,
            0.6,
            0.6,
            0.6,
            0.8107129066216221,
            0.6,
            0.600748935097331,
            0.6,
            0.5697622721292118,
            0.75918439161445,
            0.6,
            0.6,
            0.6,
            0.6,
            0.6,
            0.7559378036859534,
            0.6
        ]
    },
    "cav2": {
        "cav1": [
            0.475077887205464,
            0.6095752377276985,
            0.6,
            0.6,
            0.6,
            0.6,
            0.5328090498370351,
            0.6,
            0.6,
            0.6,
            0.6,
            0.8868814081284966,
            0.6,
            0.6,
            0.787010934787983,
            0.6,
            0.6,
            0.6
        ],
        "cav3": [
            0.3502986332732138,
            0.6,
            0.6,
            0.6,
            0.6,
            0.6,
            0.6,
            0.6,
            0.6,
            0.6,
            0.6,
            0.6,
            0.6,
            0.6,
            0.6,
            0.6,
            0.6,
            0.6
        ],
        "cav4": [
            0.3600072389074928,
            0.6,
            0.6062875699620439,
            0.6,
            0.6,
            0.6,
            0.6,
            0.5448988916610179,
            0.5194064417733174,
            0.5819736626130418,
            0.6,
            0.6989140210870981,
            0.6,
            0.5028321673740687,
            0.6918298162558938,
            0.6309129129202206,
            0.6,
            0.6
        ]
    },
    "cav3": {
        "cav1": [
            0.5430770480071256,
            0.7395911006044334,
            0.6,
            0.5721135022343928,
            0.6,
            0.6,
            0.6,
            0.6,
            0.6,
            0.6,
            0.6213209867750011,
            0.6,
            0.6,
            0.5781926836998512,
            0.552285616606321,
            0.6743684181515908,
            0.6,
            0.6
        ],
        "cav2": [
            0.44516475198357613,
            0.6544866134297493,
            0.7820977835740344,
            0.6,
            0.6,
            0.5078358884645755,
            0.6,
            0.6063938336696758,
            0.6,
            0.6,
            0.6,
            0.6,
            0.6,
            0.8182936586595756,
            0.5431058421472771,
            0.6,
            0.6035687225488151,
            0.558520318714896
        ],
        "cav4": [
            0.6,
            0.6,
            0.6,
            0.6,
            0.6376168800226075,
            0.6,
            0.6,
            0.6,
            0.6,
            0.6,
            0.6,
            0.5752651147138227,
            0.6,
            0.6,
            0.6,
            0.6,
            0.6,
            0.6
        ]
    },
    "cav4": {
        "cav1": [
            0.5928372297721827,
            0.6,
            0.6,
            0.6,
            0.6,
            0.6,
            0.6,
            0.6,
            0.6,
            0.6,
            0.6,
            0.6,
            0.5566666702358629,
            0.6,
            0.6,
            0.6,
            0.6,
            0.6
        ],
        "cav2": [
            0.3935590377248087,
            0.6,
            0.6,
            0.5156329297645054,
            0.6,
            0.6,
            0.5763494622152896,
            0.5067522154528195,
            0.5900784931754545,
            0.6,
            0.6,
            0.5970612405007693,
            0.6,
            0.5655045849517287,
            0.6,
            0.6,
            0.6,
            0.6317262712653492
        ],
        "cav3": [
            0.6,
            0.6,
            0.533930884469757,
            0.5300285189973316,
            0.6,
            0.6,
            0.6,
            0.6,
            0.5458040928174435,
            0.5086251408552755,
            0.6,
            0.6,
            0.6,
            0.6,
            0.6,
            0.6,
            0.7041968098298003,
            0.6
        ]
    }
}