{
    "cav1": {
        "human_trust_level": 0.8,
        "trust_scores": {
            "cav2": [
                0.33,
                0.33,
                0.33,
                0.33,
                0.33,
                0.25797752419516495,
                0.30164653006309916,
                0.4112603283557345,
                0.05164479367385738
            ],
            "cav3": [
                0.33,
                0.33,
                0.33,
                0.33,
                0.33,
                0.5935058314228072,
                0.2744650830448596,
                0.28612104232910784,
                0.27079118597672713
            ],
            "cav4": [
                0.34,
                0.34,
                0.34,
                0.34,
                0.34,
                0.01432518141133748,
                0.49789817302473066,
                0.3738142925813472,
                0.8912781329577337
            ]
        },
        "detected_objects": [
            {
                "frame": 1,
                "objects": [
                    {
                        "label": "bottle",
                        "confidence": 0.3668787181377411,
                        "box": [
                            [
                                719.8309936523438,
                                664.5648193359375,
                                898.9026489257812,
                                1145.621337890625
                            ]
                        ]
                    }
                ],
                "scene_label": "pill bottle",
                "confidence": 8.027798652648926
            },
            {
                "frame": 2,
                "objects": [
                    {
                        "label": "bottle",
                        "confidence": 0.6942054629325867,
                        "box": [
                            [
                                554.9688720703125,
                                654.0535278320312,
                                728.7653198242188,
                                1133.46044921875
                            ]
                        ]
                    }
                ],
                "scene_label": "pill bottle",
                "confidence": 9.568717002868652
            },
            {
                "frame": 3,
                "objects": [
                    {
                        "label": "bottle",
                        "confidence": 0.26776525378227234,
                        "box": [
                            [
                                304.4195251464844,
                                642.234375,
                                477.9939880371094,
                                1128.0128173828125
                            ]
                        ]
                    }
                ],
                "scene_label": "pill bottle",
                "confidence": 9.08607006072998
            },
            {
                "frame": 4,
                "objects": [
                    {
                        "label": "bottle",
                        "confidence": 0.4521690309047699,
                        "box": [
                            [
                                77.2782211303711,
                                643.5443115234375,
                                249.4972381591797,
                                1122.8082275390625
                            ]
                        ]
                    }
                ],
                "scene_label": "perfume",
                "confidence": 7.062845706939697
            },
            {
                "frame": 5,
                "objects": [],
                "scene_label": "parallel bars",
                "confidence": 4.818885326385498
            },
            {
                "frame": 6,
                "objects": [],
                "scene_label": "parallel bars",
                "confidence": 6.809925079345703
            },
            {
                "frame": 7,
                "objects": [],
                "scene_label": "parallel bars",
                "confidence": 5.12933349609375
            },
            {
                "frame": 8,
                "objects": [],
                "scene_label": "lighthouse",
                "confidence": 6.107935905456543
            },
            {
                "frame": 9,
                "objects": [],
                "scene_label": "parallel bars",
                "confidence": 6.252439022064209
            },
            {
                "frame": 10,
                "objects": [],
                "scene_label": "albatross",
                "confidence": 5.674679279327393
            }
        ]
    },
    "cav2": {
        "human_trust_level": 0.8,
        "trust_scores": {
            "cav1": [
                0.33,
                0.33,
                0.33,
                0.33,
                0.33,
                0.49576693460189225,
                0.34159849962401867,
                0.4509931302599732,
                0.33861010924139395
            ],
            "cav3": [
                0.33,
                0.33,
                0.33,
                0.33,
                0.33,
                0.5154306846158188,
                0.3961906638534162,
                0.4764193927311403,
                0.3975754070056553
            ],
            "cav4": [
                0.34,
                0.34,
                0.34,
                0.34,
                0.34,
                0.7826805320539294,
                0.3857396787090904,
                0.12473407539734277,
                0.3996155915837979
            ]
        },
        "detected_objects": [
            {
                "frame": 1,
                "objects": [
                    {
                        "label": "bottle",
                        "confidence": 0.8941806554794312,
                        "box": [
                            [
                                670.0079956054688,
                                178.6329345703125,
                                1080.0,
                                1345.7608642578125
                            ]
                        ]
                    }
                ],
                "scene_label": "pill bottle",
                "confidence": 9.195980072021484
            },
            {
                "frame": 2,
                "objects": [
                    {
                        "label": "bottle",
                        "confidence": 0.9424511790275574,
                        "box": [
                            [
                                286.3424377441406,
                                192.523681640625,
                                715.941162109375,
                                1342.6453857421875
                            ]
                        ]
                    }
                ],
                "scene_label": "pill bottle",
                "confidence": 10.938824653625488
            },
            {
                "frame": 3,
                "objects": [
                    {
                        "label": "bottle",
                        "confidence": 0.6947113871574402,
                        "box": [
                            [
                                2.94415283203125,
                                171.7862548828125,
                                279.1449279785156,
                                1332.7178955078125
                            ]
                        ]
                    }
                ],
                "scene_label": "pill bottle",
                "confidence": 13.559309959411621
            },
            {
                "frame": 4,
                "objects": [],
                "scene_label": "parallel bars",
                "confidence": 8.820388793945312
            },
            {
                "frame": 5,
                "objects": [],