{
    "cav1": {
        "cav2": [
            0.33,
            0.33,
            0.33,
            0.33,
            0.33,
            0.36,
            0.24475701470818773,
            0.35,
            0.35,
            0.34,
            0.34,
            0.37,
            0.35,
            0.34,
            0.33,
            0.32758535573998104,
            0.25,
            0.42287111381340925,
            0.43049322111990374,
            0.17961505670574907,
            0.278162106378839,
            0.41743019563005396,
            0.36,
            0.35,
            0.35,
            0.37,
            0.21,
            0.2,
            0.22,
            0.34,
            0.41,
            0.4,
            0.43,
            0.42,
            0.45,
            0.5,
            0.52,
            0.5,
            0.55,
            0.6,
            0.6,
            0.6,
            0.6,
            0.6,
            0.6,
            0.6,
            0.6372391951345365,
            0.6,
            0.6,
            0.6,
            0.55,
            0.55,
            0.55,
            0.55,
            0.5,
            0.55,
            0.54,
            0.52,
            0.53,
            0.49,
            0.45,
            0.46,
            0.45,
            0.4,
            0.39,
            0.35,
            0.35
        ],
        "cav3": [
            0.33,
            0.33,
            0.33,
            0.33,
            0.33,
            0.45,
            0.1957515218682495,
            0.38,
            0.36,
            0.35,
            0.35,
            0.34,
            0.34,
            0.35,
            0.37521799765565855,
            0.36,
            0.43458603368242005,
            0.39,
            0.43709308802528446,
            0.41,
            0.4321213548578893,
            0.44,
            0.38,
            0.35,
            0.35,
            0.41,
            0.34,
            0.36,
            0.33,
            0.35,
            0.32,
            0.37,
            0.43,
            0.5,
            0.5,
            0.62,
            0.6,
            0.6,
            0.6,
            0.6,
            0.6,
            0.6,
            0.6,
            0.6,
            0.62,
            0.6,
            0.6,
            0.6288378850847773,
            0.6,
            0.65,
            0.7,
            0.7,
            0.7,
            0.7,
            0.71,
            0.65,
            0.65,
            0.6,
            0.5,
            0.5,
            0.46,
            0.46,
            0.45,
            0.4,
            0.4,
            0.4,
            0.35
        ],
        "cav4": [
            0.34,
            0.34,
            0.34,
            0.34,
            0.34,
            0.40499671901071077,
            0.6,
            0.6,
            0.6,
            0.6,
            0.6430190598849381,
            0.6,
            0.6,
            0.55,
            0.55,
            0.55,
            0.5,
            0.53,
            0.55,
            0.58,
            0.5832040714025084,
            0.6,
            0.6,
            0.61,
            0.61,
            0.61,
            0.61,
            0.61,
            0.61,
            0.62,
            0.63,
            0.62,
            0.61,
            0.62,
            0.61,
            0.6,
            0.64,
            0.6187176710867819,
            0.6,
            0.6,
            0.6,
            0.6,
            0.6,
            0.6,
            0.6,
            0.6517438090642786,
            0.6,
            0.8556270139795398,
            0.6,
            0.6,
            0.6,
            0.6,
            0.6,
            0.6,
            0.6,
            0.6,
            0.6,
            0.6,
            0.61,
            0.65,
            0.62,
            0.65,
            0.65,
            0.63,
            0.63,
            0.6,
            0.6
        ]
    },
    "cav2": {
        "cav1": [
            0.33,
            0.33,
            0.33,
            0.33,
            0.33,
            0.33,
            0.33,
            0.33,
            0.5508544579468316,
            0.7086685849664631,
            0.31054837530572305,
            0.526041934099205,
            0.4837613470457027,
            0.5676860674125632,
            0.3104220392593395,
            0.5189070596150888,
            0.38062404212316076,
            0.6627747769705044,
            0.305397706677574,
            0.4548368013103506,
            0.6,
            0.5006887420887021,
            0.6,
            0.6,
            0.3198910724418346,
            0.5334072077639772,
            0.6977506017999873,
            0.396839037578284,
            0.6,
            0.6,
            0.4833733161762282,
            0.4145068573836781,
            0.38168633232979676,
            0.5156161246082582,
            0.36283364118704065,
            0.6395465749802531,
            0.7885977967928551,
            0.3167917065765515,
            0.4472106280265273,
            0.43945254101420156,
            0.6,
            0.6,
            0.7315394704951526,
            0.49835272161517524,
            0.42124180609561507,
            0.48704577406076816,
            0.351081384268043,
            0.37534454609708734,
            0.46235643427095663,
            0.38341944280142437,
            0.6,
            0.741144028280787,
            0.6,
            0.7492147674376277,
            0.6,
            0.4667275319335233,
            0.6,
            0.33740830702762886,
            0.4369896407855848,
            0.35842816968158475,
            0.6,
            0.4552222134314319,
            0.5412356328272354,
            0.3941444299252088,
            0.8091993822100224,
            0.4535283092022606,
            0.3222248671356196
        ],
        "cav3": [
            0.33,
            0.33,
            0.33,
            0.33,
            0.33,
            0.33,
            0.33,
            0.33,
            0.6,
            0.6,
            0.6,
            0.3754899417825591,
            0.36793862418290035,
            0.38746151542175783,
            0.4776246235825595,
            0.48587938551142146,
            0.5693848595415322,
            0.7301512236513671,
            0.47069130533808473,
            0.44794307781463927,
            0.4511200686676618,
            0.3892795827423425,
            0.6164726995612033,
            0.36085945132086855,
            0.3620690785191966,
            0.6,
            0.6373739143625966,
            0.3295030712805504,
            0.6,
            0.5364694340253111,
            0.43723945473061104,
            0.442579778987221,
            0.6,
            0.6,
            0.4411331362394376,
            0.5923925106079843,
            0.6039072855501192,
            0.6206975920996507,
            0.4040980259414181,
            0.4805955121234986,
            0.6,
            0.5060945998053323,
            0.3251778112736924,
            0.5926777650332352,
            0.48051407160936777,
            0.6,
            0.6020356510484329,
            0.4132533549126867,
            0.48168567577547594,
            0.38399558217983193,
            0.4983169831145536,
            0.6888600746714165,
            0.3740517782711788,
            0.315355769359061,
            0.5415181718789672,
            0.6,
            0.6,
            0.43469030184346097,
            0.5683846224597849,
            0.6,
            0.5134683744118865,
            0.6,
            0.46482153842520624,
            0.6,
            0.40900108234251337,
            0.6,
            0.7756229837167895
        ],