{
    "cav1": {
        "cav2": [
            0.425332864120383,
            0.4796090088890685,
            0.45075279424658693,
            0.48530308650830817,
            0.6087280120858105,
            0.43666068173619166,
            0.5098834619261715,
            0.5535792900183736,
            0.6590033874847121,
            0.6,
            0.6,
            0.6,
            0.6574397276799432,
            0.4691955531310498,
            0.6,
            0.33103455807617677,
            0.6608425907204998,
            0.5245863023244465,
            0.6,
            0.5768404588099765,
            0.6,
            0.441825645525604,
            0.6,
            0.4321055920038666,
            0.4875914594711848,
            0.48519710997583054,
            0.45243780676746387,
            0.44157242527637397,
            0.45014576117816957
        ],
        "cav3": [
            0.3147171045029214,
            0.4229187129744252,
            0.34538645144690067,
            0.7718265463262023,
            0.31458267472605045,
            0.36153846338109935,
            0.3436631533509033,
            0.4560677355926578,
            0.4580266104982467,
            0.4163188989818423,
            0.6,
            0.5897314524659758,
            0.5996873558914014,
            0.5019863341877961,
            0.45612205504421155,
            0.6,
            0.6093844590272637,
            0.6,
            0.6,
            0.37574977435233725,
            0.4562054032636168,
            0.5404371590201829,
            0.6,
            0.41834992795514275,
            0.6,
            0.6363939899677069,
            0.40329704021165846,
            0.4312729068214182,
            0.5836973264755609
        ],
        "cav4": [
            0.47290759927657683,
            0.40042961546174205,
            0.35260081536107774,
            0.5559052280456235,
            0.3455632197722443,
            0.6,
            0.7600170579136142,
            0.6316206104930729,
            0.6,
            0.3156729272414028,
            0.31520563627554654,
            0.4770861220424209,
            0.48047192006905054,
            0.5111067512064162,
            0.6,
            0.6,
            0.7470331827356169,
            0.3530975688458359,
            0.30973997350271293,
            0.4335204256802407,
            0.4049782095263197,
            0.5203273052943679,
            0.5836029025189602,
            0.532708043886227,
            0.42290823394996097,
            0.39641739830505796,
            0.4973369184698086,
            0.44780383891162295,
            0.37648613569780354
        ]
    },
    "cav2": {
        "cav1": [
            0.6,
            0.5092077501966764,
            0.5072892814257446,
            0.40748989892623433,
            0.6,
            0.6,
            0.6,
            0.3971771271004014,
            0.6185759113151653,
            0.6188261981050084,
            0.38459306932644055,
            0.4422569392070705,
            0.3158094532278639,
            0.48270504218991855,
            0.35678975746460256,
            0.6,
            0.4334788601018774,
            0.6,
            0.3388214336370238,
            0.6741575906636378,
            0.5389978491241335,
            0.41193270049550734,
            0.5405851783625978,
            0.6,
            0.6,
            0.33264973906317347,
            0.6,
            0.6,
            0.3911812926055469
        ],
        "cav3": [
            0.6,
            0.6,
            0.6,
            0.32227967696366905,
            0.6,
            0.3825928940712642,
            0.50730511115871,
            0.5560407496302727,
            0.6,
            0.6,
            0.5005448219383478,
            0.5543745183168215,
            0.5428385389330084,
            0.36910908225592737,
            0.6,
            0.6,
            0.47544923579252374,
            0.4122597225613502,
            0.5409799821522625,
            0.31275632023487027,
            0.4356868172647551,
            0.39872808871649446,
            0.6,
            0.6,
            0.6,
            0.38044576147566983,
            0.35736717229805637,
            0.3321865816020163,
            0.39964195099071437
        ],
        "cav4": [
            0.3490562949889949,
            0.45015340588911656,
            0.3577002370398925,
            0.464781413868967,
            0.34813693794632294,
            0.6,
            0.3927582525122381,
            0.6250807785908262,
            0.3996391453171897,
            0.4316995783213889,
            0.6,
            0.6,
            0.3835627054824653,
            0.3594659844232996,
            0.382524571439773,
            0.3129122857369801,
            0.44285342792352983,
            0.4571723394080138,
            0.461934792856487,
            0.6,
            0.6,
            0.39618119750345954,
            0.351893667984608,
            0.5348970984038527,
            0.6,
            0.6,
            0.6,
            0.4807191483711063,
            0.333180533883825
        ]
    },
    "cav3": {
        "cav1": [
            0.39511386218662625,
            0.42877171765714533,
            0.6,
            0.7883015028724506,
            0.45220653212133005,
            0.6025202904268677,
            0.5706528653866559,
            0.4456664534088303,
            0.3481950957126564,
            0.6,
            0.6,
            0.5983710070132832,
            0.36997482442471474,
            0.35361016900089837,
            0.3505667231731214,
            0.5947877212667093,
            0.3627444075917081,
            0.4570900619780083,
            0.6,
            0.3193713802637549,
            0.37780031974399303,
            0.6,
            0.49419567096097955,
            0.6,
            0.45924641124064075,
            0.3438162988493493,
            0.49765225336473723,
            0.6,
            0.34714175188540786
        ],
        "cav2": [
            0.5114192516717129,
            0.642188430700955,
            0.6,
            0.6,
            0.36706887753615663,
            0.3509600285251239,
            0.6,
            0.3023476231661274,
            0.682066741461795,
            0.6,
            0.4521287750315194,
            0.33997496327631016,
            0.6,
            0.47382163599302607,
            0.6,
            0.345990476367205,
            0.41996042075740136,
            0.5128985381740575,
            0.6,
            0.6,
            0.6,
            0.31526886521607506,
            0.424867242237238,
            0.6,
            0.4618665829764238,
            0.3634107816374452,
            0.36019798550030546,
            0.37561720136888316,
            0.6
        ],
        "cav4": [
            0.3166632522036357,
            0.6,
            0.6,
            0.5190021585259105,
            0.3237767013080746,
            0.5605715473225192,
            0.5694734084261823,
            0.4034741203125878,
            0.360027112450276,
            0.5231563279724105,
            0.6803239330137708,
            0.4880448928552002,
            0.3701800329724943,
            0.43177353166043203,
            0.6,
            0.4824284691242628,
            0.31498898791125124,
            0.36768106399421063,
            0.35730135691505027,
            0.4085088026999151,
            0.7419250963455825,
            0.4859290582405467,
            0.5406745019961727,
            0.4323948430285643,
            0.3890383935495933,
            0.35303236658519827,
            0.31052038536536997,
            0.5222171664682844,
            0.6
        ]
    },