{
    "cav1": {
        "cav2": [
            0.5878220208853542,
            0.35339095169565155,
            0.42529073052142097,
            0.6,
            0.4568555422091619,
            0.6,
            0.6,
            0.3466411083320564,
            0.6,
            0.5524696951755873,
            0.3411226357542463,
            0.6,
            0.6,
            0.5193658980518302,
            0.6595582866310583,
            0.6560822196712988,
            0.49116110092432613,
            0.5063032745296966
        ],
        "cav3": [
            0.621159537121925,
            0.3941803028598439,
            0.7990041812121979,
            0.669898058850613,
            0.7436268507031868,
            0.42601970636742775,
            0.8865587214044285,
            0.5770222239124387,
            0.6,
            0.4801638836466926,
            0.532073712712609,
            0.3524927909859315,
            0.6,
            0.6,
            0.5089343517709533,
            0.49341859428547546,
            0.512270388729147,
            0.6
        ],
        "cav4": [
            0.5054682091018056,
            0.6,
            0.6,
            0.7173760477070186,
            0.47169422750067963,
            0.48808572873696016,
            0.6,
            0.6,
            0.30591461033637724,
            0.5325738426372516,
            0.3353772179387908,
            0.6,
            0.45836498285651545,
            0.47263217649822964,
            0.4362211482997778,
            0.3456582875863127,
            0.6,
            0.40045193740033336
        ]
    },
    "cav2": {
        "cav1": [
            0.47539261564233637,
            0.5599854644768465,
            0.5254422375019039,
            0.45592885219408547,
            0.6,
            0.6,
            0.3764926945569621,
            0.31496649681793765,
            0.6,
            0.3963503486950114,
            0.6127262197909528,
            0.5240005411801101,
            0.8422143235385529,
            0.45663046776860516,
            0.6,
            0.6,
            0.3862592243828891,
            0.47432323208120464
        ],
        "cav3": [
            0.3419711163187813,
            0.3621377759191976,
            0.6,
            0.6,
            0.7329180513644558,
            0.6,
            0.3234015299887397,
            0.364926777281399,
            0.4299515812506975,
            0.6,
            0.6,
            0.5757959844093625,
            0.3100589578339135,
            0.6,
            0.3020472350741024,
            0.47486893432566407,
            0.5006335533646247,
            0.5188900020706396
        ],
        "cav4": [
            0.47029412147159444,
            0.3044495947985349,
            0.4547128743654253,
            0.4775469115321784,
            0.49746039020640476,
            0.6,
            0.561844035717068,
            0.4023717674409247,
            0.38948197316973837,
            0.4435047714163251,
            0.44797971940506304,
            0.35692137117161304,
            0.6,
            0.5971879487819487,
            0.6,
            0.6,
            0.48929461579178074,
            0.4955363110365695
        ]
    },
    "cav3": {
        "cav1": [
            0.6,
            0.6262350086377791,
            0.34200775204137,
            0.6291654468530347,
            0.35331728611147345,
            0.6,
            0.3610729780542335,
            0.42718299792493397,
            0.4478297671045987,
            0.3542934997431259,
            0.5225737487042533,
            0.6,
            0.5169077853709053,
            0.5053811440189151,
            0.5358692819038892,
            0.40038287746591367,
            0.6,
            0.6
        ],
        "cav2": [
            0.6,
            0.48740816764214173,
            0.38738129865928134,
            0.5314428267184332,
            0.6,
            0.47588501796598626,
            0.477052019128953,
            0.7440311450627269,
            0.543156511191621,
            0.6,
            0.6,
            0.4167713630281933,
            0.5379726740436225,
            0.5885800951421206,
            0.6,
            0.6093682549113878,
            0.6,
            0.5287826060607989
        ],
        "cav4": [
            0.38810616593209174,
            0.44848142298462995,
            0.6,
            0.5251445191022106,
            0.35227995065256085,
            0.6,
            0.8246933189061795,
            0.3235727248630488,
            0.42044318923480095,
            0.5064805789539828,
            0.4170857538574663,
            0.4364124628752735,
            0.46995207833936536,
            0.5608231703593933,
            0.41851777382476946,
            0.3486726230305831,
            0.6,
            0.5157753117887675
        ]
    },
    "cav4": {
        "cav1": [
            0.5833009408428597,
            0.559503200703289,
            0.6126672137536147,
            0.5094704263468552,
            0.6,
            0.4326773165649267,
            0.4805302831652563,
            0.3250343726825536,
            0.6,
            0.6,
            0.6,
            0.4221022201441199,
            0.4451149378378976,
            0.6,
            0.5338163214717762,
            0.5254706096143628,
            0.4900875260536149,
            0.6
        ],
        "cav2": [
            0.3237022642132715,
            0.32235368524912644,
            0.4664866998604611,
            0.7234219619403967,
            0.5587595053500432,
            0.3523309116295335,
            0.6487382793686216,
            0.3368384048384892,
            0.6,
            0.3258004310741663,
            0.6,
            0.43773264908940346,
            0.4137396636171253,
            0.5815259547136045,
            0.6,
            0.6,
            0.39200675516970424,
            0.5354251192510356
        ],
        "cav3": [
            0.35252895495825015,
            0.465432013545013,
            0.5525830673642653,
            0.42167408825065494,
            0.6,
            0.5227249252287703,
            0.45733647982538794,
            0.43447927566721406,
            0.5025936905730336,
            0.4481195672865693,
            0.6,
            0.521132373562621,
            0.6,
            0.38447134760260165,
            0.6,
            0.3482611695795445,
            0.40200603914345184,
            0.34071075322069844
        ]
    }
}