{
    "cav1": {
        "cav2": [
            0.508954037838475,
            0.6374240788273966,
            0.6,
            0.6,
            0.6,
            0.6,
            0.5255484007378294,
            0.6,
            0.6,
            0.6,
            0.651807802477284,
            0.6798461893832111,
            0.6,
            0.6,
            0.6,
            0.6,
            0.6,
            0.5826184546243325
        ],
        "cav3": [
            0.5273020644574431,
            0.6,
            0.5403583845746995,
            0.6,
            0.6,
            0.5618187554605852,
            0.6,
            0.6692089711762481,
            0.5574482689020872,
            0.6,
            0.5652422976234983,
            0.6,
            0.6,
            0.7532930411354919,
            0.680581609277317,
            0.505499977744809,
            0.6,
            0.6
        ],
        "cav4": [
            0.6,
            0.6,
            0.6393926863724564,
            0.5218470178909067,
            0.6783808585818176,
            0.6,
            0.576348875747095,
            0.6,
            0.6,
            0.6,
            0.6,
            0.7098410885023791,
            0.6,
            0.6,
            0.6,
            0.6547056355339258,
            0.5335546891342325,
            0.6
        ]
    },
    "cav2": {
        "cav1": [
            0.3271769216832535,
            0.6,
            0.6,
            0.5306096602332858,
            0.6,
            0.6,
            0.6,
            0.7541205272224132,
            0.6,
            0.6,
            0.6,
            0.6,
            0.5721937675315909,
            0.5299376833474125,
            0.6340259676745404,
            0.6,
            0.6,
            0.5616029024818104
        ],
        "cav3": [
            0.33914709291554745,
            0.6814555344189749,
            0.6,
            0.6,
            0.6,
            0.6,
            0.6,
            0.6,
            0.6144599235790295,
            0.6,
            0.6,
            0.6,
            0.6512945643289606,
            0.5282389421608333,
            0.6,
            0.6,
            0.6,
            0.6
        ],
        "cav4": [
            0.20907507351084484,
            0.6,
            0.6,
            0.7729255966016899,
            0.7034421092805424,
            0.6,
            0.7010946495949012,
            0.6,
            0.6,
            0.790874767738067,
            0.6,
            0.5097430364111891,
            0.6,
            0.6,
            0.5063947430576627,
            0.5269120087869553,
            0.6,
            0.5890072119326629
        ]
    },
    "cav3": {
        "cav1": [
            0.33141877729246055,
            0.6,
            0.6,
            0.6,
            0.6,
            0.6,
            0.5152913220852773,
            0.5768549066145799,
            0.6,
            0.6883350325207694,
            0.6,
            0.6,
            0.5102107148721606,
            0.5742088930233517,
            0.6,
            0.6,
            0.6,
            0.5814120399365384
        ],
        "cav2": [
            0.38128810151959136,
            0.6,
            0.6,
            0.6252903884786799,
            0.5528028768667379,
            0.6,
            0.6,
            0.6,
            0.6233524885647347,
            0.6,
            0.6,
            0.6,
            0.7609316285319636,
            0.6,
            0.6,
            0.6,
            0.6,
            0.6
        ],
        "cav4": [
            0.5801808082447645,
            0.6,
            0.533640714347774,
            0.6,
            0.6471563534720401,
            0.6,
            0.6,
            0.6,
            0.544784685971493,
            0.6,
            0.6,
            0.6,
            0.6,
            0.6,
            0.6,
            0.6,
            0.6,
            0.6
        ]
    },
    "cav4": {
        "cav1": [
            0.3841185637555433,
            0.04267664344194139,
            0.6,
            0.6,
            0.6,
            0.6,
            0.6,
            0.6,
            0.6,
            0.6,
            0.7046927322373361,
            0.5863246583216837,
            0.5848277531906081,
            0.6,
            0.5040305167306983,
            0.6,
            0.6,
            0.6
        ],
        "cav2": [
            0.22093116919943226,
            0.7295729366027293,
            0.6,
            0.6,
            0.5851200058635829,
            0.5311131979231525,
            0.6,
            0.6,
            0.6,
            0.6,
            0.5505006179035971,
            0.6,
            0.6,
            0.6,
            0.6,
            0.6,
            0.6,
            0.6
        ],
        "cav3": [
            0.13411795925991146,
            0.13855393612727784,
            0.5945107725894859,
            0.6,
            0.7176806523672979,
            0.6,
            0.5857482802186535,
            0.6,
            0.6,
            0.5943900431134803,
            0.6,
            0.6,
            0.6,
            0.6,
            0.6,
            0.9567884775458868,
            0.6,
            0.6
        ]
    }
}