{
    "cav1": {
        "cav2": [
            0.2502717740925257,
            0.4166341647865559,
            0.18648500417914576,
            0.7247129417217388,
            0.3915366539948855,
            0.5347750608075792,
            0.877975434570838,
            0.6721462914881057,
            0.6576773203972462,
            0.16168544109858282,
            0.5078446620425474,
            0.4387896493482435,
            0.3650207908441252,
            0.6767808829639181,
            0.6572130043936868,
            0.3655585800976455,
            0.32698283345984264,
            0.28711780830352457
        ],
        "cav3": [
            0.468716563853597,
            0.582712230097455,
            0.32036467275444624,
            0.46312682609704864,
            0.13078882835104905,
            0.41651572764673206,
            0.3738967582911225,
            0.37328496980064396,
            0.745032787331661,
            0.4345799232668039,
            0.37993918112723696,
            0.25968379897463895,
            0.6,
            0.4800530239447035,
            0.3224581273139789,
            0.44897918429967115,
            0.4825556909423109,
            0.36857206474136556
        ],
        "cav4": [
            0.39954719100076536,
            0.47362868007869563,
            0.21429248442165183,
            0.19686795119561792,
            0.2098413180998634,
            0.32865090014966425,
            0.6669871458523009,
            0.6168094769921799,
            0.40509185065898345,
            0.6247365273701239,
            0.6094243863169171,
            0.5112509690142129,
            0.6,
            0.15740953971638616,
            0.36262167080284835,
            0.2670095188747819,
            0.46062201011933485,
            0.3295642567792004
        ]
    },
    "cav2": {
        "cav1": [
            0.30737184553993163,
            0.48573937926384264,
            0.3062006482178349,
            0.3287028423103873,
            0.09554425638241316,
            0.638554291481086,
            0.1478752148156684,
            0.16063407836847557,
            0.38480088049928857,
            0.2879501960091849,
            0.31774622508610967,
            0.3847748139001701,
            0.3920395911886354,
            0.47075270356265,
            0.3432856964321247,
            0.4939524082859484,
            0.19444601540585954,
            0.6
        ],
        "cav3": [
            0.7576415562514363,
            0.1735873162609549,
            0.38322511278345184,
            0.46273328007433445,
            0.5840906777332027,
            0.17239424202594011,
            0.41725091556714156,
            0.20807422624437472,
            0.16287832725875812,
            0.2787467630816927,
            0.33708134478429685,
            0.26287661097160825,
            0.49690896305406135,
            0.5335356030828173,
            0.45128041714091915,
            0.5073445473026218,
            0.39625910788931795,
            0.25919835378076045
        ],
        "cav4": [
            0.6136047040450242,
            0.3434849186324925,
            0.28249944591294346,
            0.27528236025440794,
            0.2309062129589384,
            0.3055520789033509,
            0.3662540377321328,
            0.39038572325638343,
            0.21941522938388647,
            0.5292771875696517,
            0.3857949268835666,
            0.31330352419480445,
            0.5003514198408766,
            0.3567405689530391,
            0.344870559860358,
            0.41525702475200826,
            0.6,
            0.4300754933418272
        ]
    },
    "cav3": {
        "cav1": [
            0.21324504482366918,
            0.27516617203620153,
            0.6689725833611141,
            0.39710878542310013,
            0.43721996760103043,
            0.4713873783780253,
            0.2140604683491424,
            0.06396180573063301,
            0.7105973875541755,
            0.45061639568563927,
            0.2482470228761544,
            0.37930214340197926,
            0.1794871807878829,
            0.3671562284733453,
            0.35018171864931913,
            0.3271792264931541,
            0.19124126285492388,
            0.12750492548632555
        ],
        "cav2": [
            0.4212355413142303,
            0.6724266373944173,
            0.8533266888226261,
            0.4569351471807262,
            0.45794898655259425,
            0.7167724267481994,
            0.5308222508846465,
            0.22828342655637487,
            0.7101497761187663,
            0.5038396866532937,
            0.38510610221134317,
            0.41409763730165616,
            0.410663707689748,
            0.3258161038026197,
            0.3615621495947914,
            0.3326007673419145,
            0.22730892304109862,
            0.4293541063280019
        ],
        "cav4": [
            0.4941417953713812,
            0.4201602001870251,
            0.23578702737467327,
            0.29900664182401065,
            0.2111383168286116,
            0.2869021764986567,
            0.16497112506447842,
            0.34951180536468746,
            0.3339368515374768,
            0.41941741857949966,
            0.5183045574667399,
            0.4261279894315469,
            0.39335895549563604,
            0.4302566883818442,
            0.30855140993678887,
            0.26881105300245145,
            0.28334382964010085,
            0.21977330779281076
        ]
    },
    "cav4": {
        "cav1": [
            0.25339416927155245,
            0.3224601306042182,
            0.16324721874760048,
            0.4223277552560185,
            0.47232636392268185,
            0.27701790094265333,
            0.3481155514382668,
            0.17476295349103108,
            0.4436500361868084,
            0.6033407058315784,
            0.5270272501555432,
            0.39647856034581563,
            0.28120377172063227,
            0.6302870650856217,
            0.23365831108614882,
            0.2770888706915819,
            0.28999933826970975,
            0.4457571608191771
        ],
        "cav2": [
            0.34783127641994227,
            0.7211650308254425,
            0.5937285451600431,
            0.31865814938979137,
            0.6283753961305037,
            0.6,
            0.3855430087826724,
            0.13181699885141585,
            0.2557583787674611,
            0.3835307192939986,
            0.4187023815526808,
            0.33474094507197844,
            0.34271237303172447,
            0.28011294451510244,
            0.4816495080376984,
            0.06966809294696936,
            0.28539755916122056,
            0.5352758111287443
        ],
        "cav3": [
            0.058488859559962234,
            0.18404155556587518,
            0.4232985268069078,
            0.38063888751397573,
            0.3938637015922156,
            0.6,
            0.19245121511383897,
            0.5217589146261761,
            0.5062552306903632,
            0.43795933808250054,
            0.45327956094456473,
            0.41560819063651405,
            0.43970670131736267,
            0.40279524044566173,
            0.33651820708034264,
            0.2654712618992708,
            0.37367052570720555,
            0.541843137512055
        ]
    }
}