{
    "cav1": {
        "human_trust_level": 0.8,
        "requires_trust_history": true,
        "trust_frames_required": 0,
        "trust_scores": {
            "cav2": [
                0.43984893772480926,
                0.4151827184016818,
                0.54303255960782,
                0.2507338556426273,
                0.1967597198390688,
                0.27386258536649405,
                0.33629969351772315,
                0.5939948341054714,
                0.5440739853376677
            ],
            "cav3": [
                0.2620664061749752,
                0.5918220945091557,
                0.005167602552874717,
                0.4692005564879209,
                0.466703518148759,
                0.543961152633089,
                0.5135106076615122,
                0.18184308907541552,
                0.32844778866591
            ],
            "cav4": [
                0.45769280020393305,
                0.6557580193601191,
                0.3260365009428136,
                0.525733437643122,
                0.41360645311090893,
                0.3865164585525967,
                0.4753520956383581,
                0.5211445808289001,
                0.29555601633519296
            ]
        },
        "detected_objects": [
            {
                "frame": 1,
                "objects": [
                    {
                        "label": "bottle",
                        "confidence": 0.3668787181377411,
                        "box": [
                            [
                                719.8309936523438,
                                664.5648193359375,
                                898.9026489257812,
                                1145.621337890625
                            ]
                        ]
                    }
                ],
                "scene_label": "pill bottle",
                "confidence": 8.027798652648926
            },
            {
                "frame": 2,
                "objects": [
                    {
                        "label": "bottle",
                        "confidence": 0.6942054629325867,
                        "box": [
                            [
                                554.9688720703125,
                                654.0535278320312,
                                728.7653198242188,
                                1133.46044921875
                            ]
                        ]
                    }
                ],
                "scene_label": "pill bottle",
                "confidence": 9.568717002868652
            },
            {
                "frame": 3,
                "objects": [
                    {
                        "label": "bottle",
                        "confidence": 0.26776525378227234,
                        "box": [
                            [
                                304.4195251464844,
                                642.234375,
                                477.9939880371094,
                                1128.0128173828125
                            ]
                        ]
                    }
                ],
                "scene_label": "pill bottle",
                "confidence": 9.08607006072998
            },
            {
                "frame": 4,
                "objects": [
                    {
                        "label": "bottle",
                        "confidence": 0.4521690309047699,
                        "box": [
                            [
                                77.2782211303711,
                                643.5443115234375,
                                249.4972381591797,
                                1122.8082275390625
                            ]
                        ]
                    }
                ],
                "scene_label": "perfume",
                "confidence": 7.062845706939697
            },
            {
                "frame": 5,
                "objects": [],
                "scene_label": "parallel bars",
                "confidence": 4.818885326385498
            },
            {
                "frame": 6,
                "objects": [],
                "scene_label": "parallel bars",
                "confidence": 6.809925079345703
            },
            {
                "frame": 7,
                "objects": [],
                "scene_label": "parallel bars",
                "confidence": 5.12933349609375
            },
            {
                "frame": 8,
                "objects": [],
                "scene_label": "lighthouse",
                "confidence": 6.107935905456543
            },
            {
                "frame": 9,
                "objects": [],
                "scene_label": "parallel bars",
                "confidence": 6.252439022064209
            },
            {
                "frame": 10,
                "objects": [],
                "scene_label": "albatross",
                "confidence": 5.674679279327393
            }
        ]
    },
    "cav2": {
        "human_trust_level": 0.8,
        "requires_trust_history": true,
        "trust_frames_required": 0,
        "trust_scores": {
            "cav1": [
                0.34484610070183536,
                0.2712166593304965,
                0.6,
                0.3661268687439396,
                0.1875785863875687,
                0.4297874744424276,
                0.2908690523063508,
                0.40201094628035866,
                0.5099464608643454
            ],
            "cav3": [
                0.3813739720819201,
                0.8458985400584127,
                0.34631853860940714,
                0.52323400141946,
                0.2750709592192726,
                0.4828754354315026,
                0.16930277561562854,
                0.4755486350985336,
                0.3096072546455075
            ],
            "cav4": [
                0.5257465714652321,
                0.6,
                0.41826745496543793,
                0.5142380265354659,
                0.46285088403406377,
                0.711150181642174,
                0.5132702321375074,
                0.427325059900654,
                0.4258627961675649
            ]
        },
        "detected_objects": [
            {
                "frame": 1,
                "objects": [
                    {
                        "label": "bottle",
                        "confidence": 0.8941806554794312,
                        "box": [
                            [
                                670.0079956054688,
                                178.6329345703125,
                                1080.0,
                                1345.7608642578125
                            ]
                        ]
                    }
                ],
                "scene_label": "pill bottle",
                "confidence": 9.195980072021484
            },
            {
                "frame": 2,
                "objects": [
                    {
                        "label": "bottle",
                        "confidence": 0.9424511790275574,
                        "box": [
                            [
                                286.3424377441406,
                                192.523681640625,
                                715.941162109375,
                                1342.6453857421875
                            ]
                        ]
                    }
                ],
                "scene_label": "pill bottle",
                "confidence": 10.938824653625488
            },
            {
                "frame": 3,
                "objects": [
                    {
                        "label": "bottle",
                        "confidence": 0.6947113871574402,