{
    "cav1": {
        "human_trust_level": 0.8,
        "trust_scores": {
            "cav2": [
                0.2583763394463336,
                0.3709469950999891,
                0.2883176766079369,
                0.48611662176946363,
                0.3187774475795133,
                0.5355823382398153,
                0.3324483287673117,
                0.4621262041105257,
                0.7983058641560133
            ],
            "cav3": [
                0.27294527225621,
                0.21223640620698325,
                0.33899279055978454,
                0.40606441239528057,
                0.5260154876468094,
                0.17064543214636593,
                0.2713881525153706,
                0.6557079912678662,
                0.3352796530023696
            ],
            "cav4": [
                0.21589139843793662,
                0.7026915608266029,
                0.10412395839322741,
                0.48882749965197897,
                0.6771674640668693,
                0.5854356086593098,
                0.22992686909596732,
                0.3766980962922523,
                0.19466698109631325
            ]
        },
        "detected_objects": [
            {
                "frame": 1,
                "objects": [
                    {
                        "label": "bottle",
                        "confidence": 0.3668787181377411,
                        "box": [
                            [
                                719.8309936523438,
                                664.5648193359375,
                                898.9026489257812,
                                1145.621337890625
                            ]
                        ]
                    }
                ],
                "scene_label": "pill bottle",
                "confidence": 8.027798652648926
            },
            {
                "frame": 2,
                "objects": [
                    {
                        "label": "bottle",
                        "confidence": 0.6942054629325867,
                        "box": [
                            [
                                554.9688720703125,
                                654.0535278320312,
                                728.7653198242188,
                                1133.46044921875
                            ]
                        ]
                    }
                ],
                "scene_label": "pill bottle",
                "confidence": 9.568717002868652
            },
            {
                "frame": 3,
                "objects": [
                    {
                        "label": "bottle",
                        "confidence": 0.26776525378227234,
                        "box": [
                            [
                                304.4195251464844,
                                642.234375,
                                477.9939880371094,
                                1128.0128173828125
                            ]
                        ]
                    }
                ],
                "scene_label": "pill bottle",
                "confidence": 9.08607006072998
            },
            {
                "frame": 4,
                "objects": [
                    {
                        "label": "bottle",
                        "confidence": 0.4521690309047699,
                        "box": [
                            [
                                77.2782211303711,
                                643.5443115234375,
                                249.4972381591797,
                                1122.8082275390625
                            ]
                        ]
                    }
                ],
                "scene_label": "perfume",
                "confidence": 7.062845706939697
            },
            {
                "frame": 5,
                "objects": [],
                "scene_label": "parallel bars",
                "confidence": 4.818885326385498
            },
            {
                "frame": 6,
                "objects": [],
                "scene_label": "parallel bars",
                "confidence": 6.809925079345703
            },
            {
                "frame": 7,
                "objects": [],
                "scene_label": "parallel bars",
                "confidence": 5.12933349609375
            },
            {
                "frame": 8,
                "objects": [],
                "scene_label": "lighthouse",
                "confidence": 6.107935905456543
            },
            {
                "frame": 9,
                "objects": [],
                "scene_label": "parallel bars",
                "confidence": 6.252439022064209
            },
            {
                "frame": 10,
                "objects": [],
                "scene_label": "albatross",
                "confidence": 5.674679279327393
            }
        ]
    },
    "cav2": {
        "human_trust_level": 0.8,
        "trust_scores": {
            "cav1": [
                0.5776829337199972,
                0.2188475305661304,
                0.7359583565791963,
                0.17978132813113798,
                0.48804257571395826,
                0.06232137319986984,
                0.19829275368637753,
                0.21264495679892426,
                0.5444279233672733
            ],
            "cav3": [
                0.3454914314749406,
                0.35448166826209787,
                0.5416483244480795,
                0.5518410503541115,
                0.5556620477954114,
                0.5531394509089043,
                0.5406308518525518,
                0.731335063150131,
                0.25667701301782825
            ],
            "cav4": [
                0.3769767474498782,
                0.36939808179298306,
                0.44218183028234537,
                0.42605994213372117,
                0.520616228492721,
                0.5654369511762161,
                0.647717892279886,
                0.365044380543438,
                0.5795904407424657
            ]
        },
        "detected_objects": [
            {
                "frame": 1,
                "objects": [
                    {
                        "label": "bottle",
                        "confidence": 0.8941806554794312,
                        "box": [
                            [
                                670.0079956054688,
                                178.6329345703125,
                                1080.0,
                                1345.7608642578125
                            ]
                        ]
                    }
                ],
                "scene_label": "pill bottle",
                "confidence": 9.195980072021484
            },
            {
                "frame": 2,
                "objects": [
                    {
                        "label": "bottle",
                        "confidence": 0.9424511790275574,
                        "box": [
                            [
                                286.3424377441406,
                                192.523681640625,
                                715.941162109375,
                                1342.6453857421875
                            ]
                        ]
                    }
                ],
                "scene_label": "pill bottle",
                "confidence": 10.938824653625488
            },
            {
                "frame": 3,
                "objects": [
                    {
                        "label": "bottle",
                        "confidence": 0.6947113871574402,