{
    "cav1": {
        "cav2": [
            0.3417871081603117,
            0.6,
            0.6,
            0.6,
            0.6,
            0.6,
            0.6,
            0.6,
            0.7255362745548597,
            0.6,
            0.6,
            0.6365882105592992,
            0.8250801645821586,
            0.6,
            0.6040209523790769,
            0.7140266396504229,
            0.6,
            0.5259006452094485
        ],
        "cav3": [
            0.13625901676746663,
            0.6,
            0.6416051776324485,
            0.5828334803582417,
            0.6,
            0.6,
            0.6,
            0.6,
            0.6,
            0.6,
            0.6,
            0.6219810842159641,
            0.6,
            0.6,
            0.6,
            0.6,
            0.6,
            0.6
        ],
        "cav4": [
            0.5005779679319852,
            0.6,
            0.6,
            0.6,
            0.6,
            0.6,
            0.5454082848382867,
            0.6,
            0.5308537967659561,
            0.6,
            0.6,
            0.6,
            0.6,
            0.6,
            0.6,
            0.5033462817220096,
            0.6,
            0.608558314551457
        ]
    },
    "cav2": {
        "cav1": [
            0.7042794978382476,
            0.6704359886656236,
            0.6,
            0.6,
            0.8263842664116134,
            0.6,
            0.6,
            0.6,
            0.6,
            0.6,
            0.6,
            0.6,
            0.6,
            0.6,
            0.6,
            0.6,
            0.6,
            0.6
        ],
        "cav3": [
            0.6,
            0.6,
            0.6,
            0.5136875320594512,
            0.6,
            0.6,
            0.6498552746444198,
            0.6,
            0.8713551457648341,
            0.5588652249132383,
            0.6,
            0.6,
            0.6,
            0.6,
            0.5985941678118705,
            0.5429921103757014,
            0.6,
            0.7680740850148072
        ],
        "cav4": [
            0.5947022908045466,
            0.6,
            0.6,
            0.6,
            0.6,
            0.5729284473610929,
            0.6,
            0.6,
            0.6,
            0.6,
            0.6,
            0.6,
            0.5877728146225014,
            0.6940421197212311,
            0.6,
            0.521063817235095,
            0.5205367114850924,
            0.9017042391476527
        ]
    },
    "cav3": {
        "cav1": [
            0.12594744168542785,
            0.6,
            0.6,
            0.6,
            0.5007912066309903,
            0.6,
            0.6275741826385849,
            0.6,
            0.5899763770187775,
            0.6,
            0.6,
            0.6,
            0.6,
            0.6,
            0.6,
            0.6,
            0.6,
            0.6
        ],
        "cav2": [
            0.6355429165127718,
            0.6,
            0.5296017785282271,
            0.6,
            0.5731368082832043,
            0.6,
            0.6,
            0.6,
            0.5783272179685326,
            0.6069144348472445,
            0.5333950903774919,
            0.6,
            0.6045605539418067,
            0.6,
            0.5177893083329946,
            0.6808898794884087,
            0.6,
            0.6
        ],
        "cav4": [
            0.6,
            0.6,
            0.6,
            0.6,
            0.8032169505995631,
            0.6,
            0.606671815978904,
            0.6108757070806942,
            0.6,
            0.6395700384197617,
            0.6254364719677303,
            0.6,
            0.6,
            0.6,
            0.6350790418799545,
            0.6,
            0.6,
            0.6
        ]
    },
    "cav4": {
        "cav1": [
            0.5071688743796559,
            0.6609532096100909,
            0.6,
            0.6,
            0.6,
            0.6,
            0.6,
            0.6,
            0.6,
            0.6,
            0.6,
            0.6,
            0.6,
            0.6,
            0.6,
            0.8565451995167958,
            0.6,
            0.6
        ],
        "cav2": [
            0.8104753252219984,
            0.6,
            0.537976584727803,
            0.580361518236303,
            0.6,
            0.6,
            0.6,
            0.6,
            0.6,
            0.6,
            0.5957163000516176,
            0.6090182007485098,
            0.6,
            0.6,
            0.5629975706708185,
            0.6,
            0.6,
            0.5074117306961535
        ],
        "cav3": [
            0.6,
            0.6,
            0.6194370805459049,
            0.5841437256689311,
            0.6,
            0.6,
            0.6,
            0.6,
            0.6,
            0.5661177193817973,
            0.6,
            0.6,
            0.6,
            0.6,
            0.6,
            0.6,
            0.6,
            0.6
        ]
    }
}