{
    "cav1": {
        "cav2": [
            0.33,
            0.33,
            0.253000795851317,
            0.6891146036764694,
            0.6,
            0.7212435220092221,
            0.6,
            0.6,
            0.6,
            0.6,
            0.6,
            0.7738177148390271,
            0.6,
            0.6,
            0.6,
            0.6333766618972683,
            0.6,
            0.6
        ],
        "cav3": [
            0.33,
            0.33,
            0.19660331068175865,
            0.6,
            0.6,
            0.6327360391153313,
            0.6,
            0.6,
            0.6,
            0.6,
            0.6,
            0.6,
            0.6,
            0.8837222944840557,
            0.6,
            0.6,
            0.6,
            0.6
        ],
        "cav4": [
            0.34,
            0.34,
            0.31205287124077175,
            0.6184409840699258,
            0.8886631247317716,
            0.6,
            0.6,
            0.6,
            0.6,
            0.6,
            0.6,
            0.649396729101077,
            0.6,
            0.6,
            0.6,
            0.6,
            0.7161598673237185,
            0.6
        ]
    },
    "cav2": {
        "cav1": [
            0.33,
            0.33,
            0.33,
            0.33,
            0.33,
            0.4679713392300794,
            0.3866853098719655,
            0.3121296735183605,
            0.37382857193818564,
            0.43347662700232775,
            0.16285510950371626,
            0.49647573373492454,
            0.1795026084325415,
            0.2824020871444695,
            0.40315398723406315,
            0.05359756486803206,
            0.5973973963888691,
            0.34979993460528785
        ],
        "cav3": [
            0.33,
            0.33,
            0.33,
            0.33,
            0.33,
            0.28701652399973543,
            0.2707998725355579,
            0.4682657240950849,
            0.5820889973112062,
            0.353602166874891,
            0.5364355444597274,
            0.4677359538026512,
            0.4737877726158253,
            0.1635082770376503,
            0.5617617102629515,
            0.6057499519598214,
            0.45388153938803955,
            0.4414285154410928
        ],
        "cav4": [
            0.34,
            0.34,
            0.34,
            0.34,
            0.34,
            0.5663579861436088,
            0.33360058706577567,
            0.242069422270808,
            0.4020934664198167,
            0.325724080603311,
            0.11709705866252686,
            0.48178294002688565,
            0.6547017889762048,
            0.2844401221206308,
            0.5568058484070681,
            0.40855878658100536,
            0.5874834988936537,
            0.4459307865102717
        ]
    },
    "cav3": {
        "cav1": [
            0.33,
            0.5598418078746341,
            0.5157398531820631,
            0.6,
            0.6,
            0.46970468914408225,
            0.6,
            0.40842857280370654,
            0.6,
            0.3759844710860048,
            0.49028935019224057,
            0.6,
            0.4088292523450266,
            0.4983668346221997,
            0.5043785782617546,
            0.6,
            0.4989025475898504,
            0.5429358758854435
        ],
        "cav2": [
            0.33,
            0.3881570148368471,
            0.35097835740663874,
            0.5010307717423523,
            0.3760687521916999,
            0.6,
            0.41051216127649726,
            0.6172651733407917,
            0.4308377178956075,
            0.5624994082458298,
            0.3140041526273267,
            0.37490463925401857,
            0.5425917296019521,
            0.6,
            0.30262605027539036,
            0.6,
            0.3747568746960954,
            0.37206115644123094
        ],
        "cav4": [
            0.34,
            0.41226667222581753,
            0.39369382037151474,
            0.6,
            0.6,
            0.33378913369421553,
            0.390017766680158,
            0.4163271585919312,
            0.5134059268399729,
            0.49330573613948236,
            0.5858948497286857,
            0.6,
            0.38211212005623363,
            0.3132629162695842,
            0.5062804396822358,
            0.33592198480169183,
            0.6,
            0.6
        ]
    },
    "cav4": {
        "cav1": [
            0.3601767685494178,
            0.6,
            0.6,
            0.6,
            0.6,
            0.6,
            0.6,
            0.6,
            0.8200454056237081,
            0.6,
            0.6,
            0.6,
            0.6890845382518936,
            0.6,
            0.6,
            0.6,
            0.6,
            0.6
        ],
        "cav2": [
            0.7632294902533224,
            0.6,
            0.6,
            0.6,
            0.6,
            0.6,
            0.6,
            0.6,
            0.6,
            0.7441518235395059,
            0.6,
            0.6,
            0.6136643240302101,
            0.6,
            0.6,
            0.6,
            0.6,
            0.6556374398673744
        ],
        "cav3": [
            0.6,
            0.6,
            0.6,
            0.6,
            0.6,
            0.6,
            0.6,
            0.6,
            0.6,
            0.6,
            0.6,
            0.6,
            0.6,
            0.6612290277478188,
            0.6,
            0.6,
            0.6403628576154925,
            0.6
        ]
    }
}