{
    "cav1": {
        "cav2": [
            0.4043613947416619,
            0.22786232142650514,
            0.6409336817595648,
            0.5697130994032921,
            0.43380908619834585,
            0.5097812867781779,
            0.5421936339880125,
            0.26776775904164724,
            0.3644090515307484,
            0.14724369387914432,
            0.7180036317455698,
            0.22546565894656645,
            0.5708766480119352,
            0.09569724127795308,
            0.17269060944938117,
            0.7490784315738492,
            0.4937230502162967,
            0.580632830702408
        ],
        "cav3": [
            0.3963082281266402,
            0.07224612569501133,
            0.6505743370207246,
            0.6,
            0.23791317101799686,
            0.49894064457104637,
            0.19503615265972182,
            0.3164365340269731,
            0.30207544488113103,
            0.10515631259141447,
            0.42404138856925455,
            0.22571054596963802,
            0.39458905189459975,
            0.559761570680436,
            0.34928699692724413,
            0.3745838120215065,
            0.4631231246461934,
            0.8294169473249645
        ],
        "cav4": [
            0.2599663832926735,
            0.7700739096647473,
            0.45167538046724315,
            0.6,
            0.3798503153238288,
            0.2226245132843612,
            0.17393680208969114,
            0.32990745701182445,
            0.3052321251871262,
            0.27217893865770876,
            0.4926842567723818,
            0.5445462575922247,
            0.791201313849525,
            0.39921247649746505,
            0.45717403092465647,
            0.4635349543659509,
            0.41483363221837916,
            0.14200647009729656
        ]
    },
    "cav2": {
        "cav1": [
            0.5085053357214238,
            0.17431122961871628,
            0.26782265923857157,
            0.5775753601430756,
            0.24223071929719836,
            0.42926233804299313,
            0.0732847794130715,
            0.2691390143843158,
            0.06486848182796921,
            0.3587860682855728,
            0.2173589118611574,
            0.18889686234009576,
            0.4872576314381993,
            0.38577132551357773,
            0.14843195128575826,
            0.5298081236664864,
            0.06070613190833998,
            0.11175240135602872
        ],
        "cav3": [
            0.36486053932449497,
            0.21719675914770234,
            0.6072633862357837,
            0.4779004850165218,
            0.34262174242083837,
            0.3464518293885491,
            0.21400894312145874,
            0.5595404842365145,
            0.38196249793941006,
            0.7366760619414979,
            0.5755436270564774,
            0.4221024224135201,
            0.30732699919210366,
            0.4034154639354353,
            0.7106746927540335,
            0.3139214274047877,
            0.3259300594899907,
            0.21678385863033536
        ],
        "cav4": [
            0.34913252449325544,
            0.42838000912445656,
            0.41439055365983923,
            0.35908208979785905,
            0.46349021653734235,
            0.5143844772870683,
            0.2626007121255783,
            0.2027965674712162,
            0.6535011868261954,
            0.5852170134300035,
            0.30350327110985187,
            0.48914785118698945,
            0.40142552563420186,
            0.45466080994688357,
            0.18097597854552183,
            0.3866069427457504,
            0.30368613036144376,
            0.4135122861406513
        ]
    },
    "cav3": {
        "cav1": [
            0.8089024159206666,
            0.5405557846859359,
            0.3312044464927751,
            0.4760445516892094,
            0.35871599081202604,
            0.7378930346337033,
            0.4199165280314997,
            0.3743126700105313,
            0.298547698769318,
            0.44636314253356146,
            0.4114888680985781,
            0.31261300943020837,
            0.5086533711118387,
            0.5899160949941239,
            0.20582002553523798,
            0.49090061898374676,
            0.25143622377228847,
            0.5228446739232394
        ],
        "cav2": [
            0.31671958596376815,
            0.3938501123983007,
            0.039822016205409295,
            0.20044389436530505,
            0.284772964233221,
            0.5242271057801737,
            0.8684077789483834,
            0.3655088977697631,
            0.6632225570941361,
            0.5172674295816893,
            0.43096620457627094,
            0.13274822615083695,
            0.6126388972117937,
            0.42128077508410083,
            0.3102480324513883,
            0.3584465084403966,
            0.311402629675029,
            0.10773422642562723
        ],
        "cav4": [
            0.4879009989766672,
            0.21076780761889655,
            0.3053268757104773,
            0.2900358630072318,
            0.4501069465825005,
            0.18778641615929084,
            0.3281906188585613,
            0.31060803211766896,
            0.45851170690997833,
            0.13645077910694547,
            0.4284148839282432,
            0.4411709632699366,
            0.30319058352120526,
            0.6445116235756655,
            0.23264358866254464,
            0.3136680812117714,
            0.24484829602805025,
            0.5464184256875609
        ]
    },
    "cav4": {
        "cav1": [
            0.6283271520580784,
            0.2212105156849374,
            0.6116949406982075,
            0.5446687234874299,
            0.8933916562329379,
            0.6392367418242291,
            0.28069787978852434,
            0.4294879540706969,
            0.6156492257137063,
            0.49517545037664135,
            0.4854037615963789,
            0.5608190505055156,
            0.3973044718062264,
            0.3571919092083944,
            0.42096128014915124,
            0.37671103052936883,
            0.6572968843122612,
            0.6
        ],
        "cav2": [
            0.3865940338594966,
            0.31891586890614837,
            0.14047673020552282,
            0.5096935624182085,
            0.46468919195701774,
            0.5190669891637061,
            0.5375086729877533,
            0.5822628517027792,
            0.22852106808287528,
            0.6221751957461916,
            0.4591813522237603,
            0.47706730984320295,
            0.11710044716820704,
            0.07035172590395933,
            0.2797953532063751,
            0.4594103949132385,
            0.37518847942307376,
            0.6
        ],
        "cav3": [
            0.2265196027302481,
            0.658637153222013,
            0.47410386163841567,
            0.5591105877558791,
            0.47200427300791703,
            0.3029426151642398,
            0.3887652468378395,
            0.28176529906868214,
            0.4408024724132337,
            0.552885901049283,
            0.40799255180777766,
            0.5560005310088905,
            0.3662155657580454,
            0.487374995498126,
            0.6232495516585883,
            0.38982721108900065,
            0.1657335476006666,
            0.158577439306637
        ]
    }
}