{
    "cav1": {
        "cav2": [
            0.3964259843272698,
            0.6,
            0.6,
            0.6,
            0.6,
            0.6,
            0.6,
            0.6,
            0.6,
            0.6,
            0.6,
            0.6,
            0.6,
            0.6,
            0.6,
            0.5642150941232641,
            0.5205842761953756,
            0.5422851124620822
        ],
        "cav3": [
            0.8872566349272334,
            0.6,
            0.6,
            0.6,
            0.6,
            0.6,
            0.6,
            0.5453787720458328,
            0.6,
            0.57912774099339,
            0.6,
            0.6,
            0.6,
            0.6,
            0.68027055102008,
            0.6,
            0.6318251672803575,
            0.6
        ],
        "cav4": [
            0.6,
            0.6,
            0.6,
            0.6,
            0.6,
            0.6,
            0.6,
            0.5054239087269213,
            0.5644619403490992,
            0.6,
            0.6,
            0.6173205150118185,
            0.5209950720542993,
            0.6,
            0.6,
            0.6,
            0.6,
            0.6
        ]
    },
    "cav2": {
        "cav1": [
            0.44887506406089067,
            0.7128902246320376,
            0.6,
            0.6,
            0.6,
            0.6,
            0.6,
            0.6,
            0.6,
            0.6,
            0.6,
            0.6,
            0.6,
            0.5371813687615957,
            0.6,
            0.6,
            0.6,
            0.6
        ],
        "cav3": [
            0.20198951405046872,
            0.2979844971386332,
            0.6,
            0.5146746798723105,
            0.6,
            0.6,
            0.6,
            0.5832132839654964,
            0.6,
            0.9859629474865973,
            0.6,
            0.6161975493569093,
            0.6,
            0.6,
            0.6060613848391747,
            0.6,
            0.6,
            0.5333572736775851
        ],
        "cav4": [
            0.40135277039103984,
            0.6,
            0.5038560863281848,
            0.7582236028321483,
            0.6503638976078286,
            0.8691611991276719,
            0.5323168787286681,
            0.599900179281764,
            0.6,
            0.6,
            0.5372014952378941,
            0.6,
            0.7145121285393137,
            0.6,
            0.6,
            0.6,
            0.6,
            0.6
        ]
    },
    "cav3": {
        "cav1": [
            0.08303918234298883,
            0.6,
            0.6,
            0.6,
            0.6,
            0.6,
            0.6,
            0.6001718777295828,
            0.6,
            0.6,
            0.6,
            0.8184680030931126,
            0.6,
            0.6,
            0.5521793009833861,
            0.6,
            0.6,
            0.6
        ],
        "cav2": [
            0.20646026541257712,
            0.6,
            0.6,
            0.500615340823397,
            0.6,
            0.6,
            0.6,
            0.6,
            0.6,
            0.6,
            0.6,
            0.6871197710791795,
            0.6,
            0.6,
            0.6,
            0.6,
            0.6,
            0.6
        ],
        "cav4": [
            0.6,
            0.5818080138772185,
            0.579291072708275,
            0.7278547152716593,
            0.6,
            0.5258617801576452,
            0.5013170237335637,
            0.6,
            0.5131185842144821,
            0.548334465742609,
            0.6,
            0.6,
            0.6,
            0.6,
            0.6,
            0.6,
            0.560004842620286,
            0.5169315499594342
        ]
    },
    "cav4": {
        "cav1": [
            0.4344015111061743,
            0.5676129353585956,
            0.6,
            0.6,
            0.5296508628279956,
            0.6,
            0.6,
            0.6,
            0.6,
            0.6,
            0.6,
            0.6,
            0.612628581804505,
            0.6,
            0.6,
            0.6794557905426853,
            0.6,
            0.6
        ],
        "cav2": [
            0.3740854105782344,
            0.6,
            0.6,
            0.6,
            0.6,
            0.5710138861967274,
            0.6,
            0.5292304943376431,
            0.5125565212561531,
            0.6,
            0.6,
            0.6,
            0.6,
            0.6,
            0.5975661876557457,
            0.6,
            0.6,
            0.6
        ],
        "cav3": [
            0.5221357080451581,
            0.6,
            0.6752230113780388,
            0.6,
            0.7860810394763057,
            0.6,
            0.6,
            0.6,
            0.6556404112535885,
            0.6,
            0.6,
            0.5156250696854235,
            0.6,
            0.6,
            0.5044798026071583,
            0.6,
            0.51391234401571,
            0.6
        ]
    }
}