{
    "cav1": {
        "cav2": [
            0.4897002542913914,
            0.48285093816241176,
            0.38401135732506386,
            0.37631439011516865,
            0.5621697099601519,
            0.5004265327306935,
            0.6,
            0.6,
            0.3984013937808839,
            0.3011417870080906,
            0.39045529842312215,
            0.5273616436640901,
            0.6,
            0.4777753211488231,
            0.3618714207189254,
            0.33617642481676085,
            0.7231157162435478,
            0.31886634146390413
        ],
        "cav3": [
            0.46487107019848556,
            0.6,
            0.6548490455210804,
            0.6,
            0.6,
            0.7135861837178681,
            0.6,
            0.6,
            0.3165374885481076,
            0.5519788655398354,
            0.6,
            0.48475815988085713,
            0.6,
            0.6,
            0.3573533205812248,
            0.6,
            0.8717835792997464,
            0.4244153249894208
        ],
        "cav4": [
            0.37134678367593393,
            0.3231964778685667,
            0.3516846360834063,
            0.3958364079692653,
            0.6171783759355763,
            0.6,
            0.46014459342927466,
            0.4904339500472865,
            0.47242533891237487,
            0.6807175448861768,
            0.7172239622891441,
            0.6,
            0.5269700526016896,
            0.7477631816669325,
            0.6,
            0.48166088646317673,
            0.34714685311141,
            0.4747392348483053
        ]
    },
    "cav2": {
        "cav1": [
            0.45023925323940545,
            0.3830694448859109,
            0.4959417928244678,
            0.5348472527471456,
            0.30330691515283753,
            0.5299739019150352,
            0.6,
            0.4801356755285081,
            0.3885450583354995,
            0.43507642274064,
            0.4490544623822063,
            0.4844375419644989,
            0.47579509328385444,
            0.4743575456520081,
            0.47429800359642976,
            0.40675138442215203,
            0.6,
            0.5205560854933782
        ],
        "cav3": [
            0.3705194306679469,
            0.6414895425533748,
            0.3598042845029385,
            0.5937525426907333,
            0.3273064035345644,
            0.3631755728098964,
            0.6,
            0.5688982605610643,
            0.562167596687435,
            0.3595695636064048,
            0.8372071364461702,
            0.3404470082639611,
            0.36824477779108566,
            0.36535487763542784,
            0.6,
            0.6,
            0.340914141909046,
            0.576981368513487
        ],
        "cav4": [
            0.35505309816671726,
            0.3917810384009375,
            0.613295440638123,
            0.5043326475166953,
            0.5269732377000222,
            0.6,
            0.39090550276344815,
            0.6,
            0.6,
            0.4665611209937746,
            0.4820852853428301,
            0.35130157601403317,
            0.34190245755894494,
            0.4766118933788383,
            0.31880026768559516,
            0.5403566709788803,
            0.5504367212702254,
            0.6
        ]
    },
    "cav3": {
        "cav1": [
            0.4462213195233548,
            0.6,
            0.5643574214004524,
            0.5544323594514762,
            0.6490823402161219,
            0.6,
            0.4389008456872484,
            0.4701153408386992,
            0.5875675023822171,
            0.5858134215220994,
            0.5753314531575086,
            0.48391921709017666,
            0.38905821171115984,
            0.3971561172320059,
            0.528674301945171,
            0.40491431697476515,
            0.36622049879003643,
            0.43568940832791225
        ],
        "cav2": [
            0.7865274876637558,
            0.3548642646927149,
            0.767219382213714,
            0.40659230775275784,
            0.6,
            0.3502694913167253,
            0.32992074747218375,
            0.6,
            0.5174769925867485,
            0.3546826735283821,
            0.34064251580025096,
            0.41363605195429654,
            0.5746411681863514,
            0.4572313483065256,
            0.6,
            0.5333655803185606,
            0.6,
            0.6
        ],
        "cav4": [
            0.6,
            0.49868541464529803,
            0.4751137028163506,
            0.6,
            0.6,
            0.3742717465800764,
            0.4502529310865337,
            0.3033350731871947,
            0.6,
            0.5823525942649385,
            0.6214494844625235,
            0.5226829921126398,
            0.33109054765958806,
            0.5233409684440091,
            0.4107574173886752,
            0.6,
            0.5247323613643301,
            0.6
        ]
    },
    "cav4": {
        "cav1": [
            0.4336319787022137,
            0.6,
            0.61173831428932,
            0.5920106081555023,
            0.42240078355040644,
            0.3918248682357214,
            0.4960863939764854,
            0.6,
            0.6,
            0.3335452075734662,
            0.40361506942388004,
            0.6,
            0.6475613835719363,
            0.32615874746820034,
            0.4417787335212685,
            0.4953544414006558,
            0.6,
            0.38972802392330896
        ],
        "cav2": [
            0.6,
            0.42963887185150534,
            0.6,
            0.7273802522290197,
            0.6,
            0.5305449566810395,
            0.3735458179874535,
            0.35345949542969807,
            0.5623584161748032,
            0.5275232949061001,
            0.6,
            0.6,
            0.3037667964246344,
            0.47480418055366114,
            0.4009292242606638,
            0.34490047823980563,
            0.6,
            0.5660891740909414
        ],
        "cav3": [
            0.3017153159894384,
            0.6,
            0.6,
            0.6,
            0.6,
            0.6,
            0.6,
            0.4975245391830054,
            0.3127774887380328,
            0.4439579632563683,
            0.40163306265762483,
            0.5660953329333323,
            0.3867381771820491,
            0.33170977618329317,
            0.49172203721115126,
            0.44948081658689626,
            0.6266398103912288,
            0.6
        ]
    }
}