{
    "cav1": {
        "cav2": [
            0.5173559872414973,
            0.58,
            0.5072259738165945,
            0.61,
            0.7749712306538803,
            0.6,
            0.8,
            0.8,
            0.7845159182610055,
            0.85,
            0.6,
            0.6,
            0.6976432753232104,
            0.6,
            0.6,
            0.6,
            0.6,
            0.6
        ],
        "cav3": [
            0.45855149146559077,
            0.4,
            0.34900996568382997,
            0.6,
            0.6,
            0.6,
            0.62,
            0.6,
            0.8,
            0.683986189392698,
            0.6209923653498016,
            0.6,
            0.6,
            0.6,
            0.6,
            0.6,
            0.6,
            0.6
        ],
        "cav4": [
            0.0,
            0.0,
            0.0,
            0.0,
            0.0,
            0.0,
            0.0,
            0.0,
            0.0,
            0.0,
            0.0,
            0.34,
            0.5,
            0.5,
            0.55,
            0.6,
            0.6,
            0.6
        ]
    },
    "cav2": {
        "cav1": [
            0.5291884279163716,
            0.6,
            0.6,
            0.36403036315154186,
            0.3476833231958659,
            0.3342558243152068,
            0.3530066288281573,
            0.6924013015745322,
            0.4755682717108223,
            0.4424270502724476,
            0.3338108704428002,
            0.36886475935320717,
            0.44934990450659185,
            0.8879227760795457,
            0.4536545855966095,
            0.43899619892377284,
            0.801147297413347,
            0.47809873971707767
        ],
        "cav3": [
            0.41173530416231474,
            0.4270122880297401,
            0.4121936708197597,
            0.4739104667610179,
            0.43621795622570586,
            0.7201544908690465,
            0.36285642686825076,
            0.4058424399470387,
            0.350552253882195,
            0.6,
            0.35723666904173956,
            0.6,
            0.4586492276324051,
            0.6,
            0.6,
            0.5823306463514656,
            0.5323324107234415,
            0.6
        ],
        "cav4": [
            0.513979373630062,
            0.6,
            0.6,
            0.6436863935960578,
            0.5033335645414754,
            0.567401625339923,
            0.6530153039905262,
            0.5035224491082325,
            0.5456776339480762,
            0.5836019017194969,
            0.6,
            0.6,
            0.3231896666169293,
            0.37314303304164,
            0.4367392810109631,
            0.6,
            0.321017763674041,
            0.49259512048482196
        ]
    },
    "cav3": {
        "cav1": [
            0.41160056289110275,
            0.5808411496619048,
            0.6250327271393274,
            0.6,
            0.6,
            0.6,
            0.6,
            0.6,
            0.6073534275982173,
            0.6,
            0.6,
            0.6,
            0.6,
            0.6,
            0.6,
            0.6,
            0.6,
            0.6
        ],
        "cav2": [
            0.37147800293761873,
            0.379891869230442,
            0.6,
            0.6,
            0.6,
            0.6,
            0.6,
            0.6,
            0.6,
            0.6,
            0.6,
            0.6,
            0.6,
            0.6,
            0.6,
            0.6,
            0.6,
            0.9157098155136401
        ],
        "cav4": [
            0.4742575640924205,
            0.34361857370165355,
            0.6,
            0.6,
            0.6,
            0.6,
            0.6,
            0.7110668217086454,
            0.6,
            0.6,
            0.6,
            0.6,
            0.6,
            0.6,
            0.6,
            0.6,
            0.6,
            0.6
        ]
    },
    "cav4": {
        "cav1": [
            0.1578667689548442,
            0.2457584807684049,
            0.23141174659424585,
            0.5749342003506884,
            0.28459342083867883,
            0.5069849344135671,
            0.2227821630761869,
            0.41879158632599744,
            0.5867177253662903,
            0.28131887398643923,
            0.6314061645534876,
            0.1922721679180786,
            0.4164082942840719,
            0.48697875287442244,
            0.6,
            0.3581069008864158,
            0.4559482409206114,
            0.6
        ],
        "cav2": [
            0.6,
            0.26829991508665035,
            0.5086854901533953,
            0.3806910642055041,
            0.41589862234986114,
            0.47805937546766764,
            0.5437963623926046,
            0.4808177842271484,
            0.18859060546385298,
            0.6609725113621028,
            0.09314307273137251,
            0.6923475425163521,
            0.2976694771320498,
            0.5429788579276965,
            0.6,
            0.3712750327415497,
            0.8295468525703286,
            0.7821958754083016
        ],
        "cav3": [
            0.6,
            0.5353063194974477,
            0.6095876413992141,
            0.41640580139401806,
            0.4894229400549372,
            0.3215304596373406,
            0.47006233683722104,
            0.0015698382230572721,
            0.2633192306181997,
            0.2899287137509005,
            0.3211347418717596,
            0.466998543973524,
            0.31375643952959464,
            0.8391366154972275,
            0.2439332938389398,
            0.4539448057370039,
            0.6,
            0.310996182668397
        ]
    }
}