{
    "cav1": {
        "cav2": [
            0.2929502613417053,
            0.31,
            0.44371693194096207,
            0.35,
            0.1849772180780963,
            0.34,
            0.21834284621014155,
            0.3710701521909815,
            0.23302754111590077,
            0.36,
            0.35,
            0.4,
            0.34,
            0.6,
            0.6360660283525036,
            0.56,
            0.7967316230889199,
            0.6,
            0.6,
            0.6,
            0.6,
            0.6,
            0.6,
            0.6,
            0.6,
            0.6,
            0.6,
            0.6,
            0.6036255811937138,
            0.6
        ],
        "cav3": [
            0.10728764027588104,
            0.0,
            0.22212422254402242,
            0.32,
            0.35,
            0.35,
            0.06562946226522058,
            0.34,
            0.37,
            0.36,
            0.35,
            0.31,
            0.2364793046536487,
            0.6,
            0.6,
            0.6,
            0.6,
            0.6,
            0.6,
            0.6,
            0.6,
            0.6,
            0.6,
            0.57,
            0.57,
            0.55,
            0.55,
            0.5,
            0.6426745182655317,
            0.6
        ],
        "cav4": [
            0.11559650698789942,
            0.35,
            0.4011837320113478,
            0.30653084635183087,
            0.32,
            0.4555514684349653,
            0.3867871956125648,
            0.39,
            0.36,
            0.36,
            0.6,
            0.45,
            0.6,
            0.6,
            0.6525428389492113,
            0.6573779731344636,
            0.6,
            0.6298997954063473,
            0.6,
            0.6,
            0.6,
            0.6,
            0.6,
            0.6,
            0.6,
            0.6,
            0.6,
            0.6,
            0.6112351064338141,
            0.6
        ]
    },
    "cav2": {
        "cav1": [
            0.3200638910018798,
            0.6,
            0.6,
            0.6,
            0.396851995480306,
            0.7082147469450182,
            0.6,
            0.3234424001433005,
            0.6,
            0.5704391330739378,
            0.6,
            0.7379958890964752,
            0.6832612406946019,
            0.44594351511261215,
            0.6,
            0.33747373270769776,
            0.3411563225808973,
            0.3530291008769143,
            0.7005398556554223,
            0.7139036216909777,
            0.6829446223761073,
            0.32656855147988345,
            0.4744998843988244,
            0.35503018989486207,
            0.6891094037044637,
            0.6,
            0.6,
            0.6,
            0.6,
            0.6
        ],
        "cav3": [
            0.3799777933414876,
            0.40278258791328225,
            0.48030548754909735,
            0.6,
            0.6,
            0.48575396043086966,
            0.6,
            0.5185699389192563,
            0.4432927204313072,
            0.45958694707000963,
            0.36153003724579336,
            0.5454778901902619,
            0.35487606018883794,
            0.5681735322250672,
            0.3123348146643111,
            0.36574611705952126,
            0.5776554120007891,
            0.6,
            0.5235260566628763,
            0.4661506179730925,
            0.6,
            0.6,
            0.48634916185086535,
            0.7055573048664596,
            0.5710068307825641,
            0.42069107948776735,
            0.5391437081114077,
            0.33093418906162014,
            0.6,
            0.5986855663642906
        ],
        "cav4": [
            0.4126431867032207,
            0.3603844408400189,
            0.6090281410773036,
            0.6,
            0.38857409698953665,
            0.6,
            0.3745362096646027,
            0.45300136698580173,
            0.6,
            0.3921181005188012,
            0.4069176941617172,
            0.6,
            0.5677020038202438,
            0.44117412743277334,
            0.6,
            0.5894048261132784,
            0.619031604337709,
            0.43761149135690974,
            0.6,
            0.6116435768369407,
            0.6,
            0.41896825766685913,
            0.6,
            0.5621139240103582,
            0.42812003100394636,
            0.7382913857378929,
            0.4023327854705194,
            0.6,
            0.3272602512079987,
            0.5483157069252543
        ]
    },
    "cav3": {
        "cav1": [
            0.33,
            0.33,
            0.33,
            0.33,
            0.33,
            0.33,
            0.33,
            0.45104331763839256,
            0.6,
            0.6,
            0.6,
            0.6,
            0.6,
            0.6440597620537357,
            0.6,
            0.6,
            0.6,
            0.7439478939297636,
            0.6,
            0.6,
            0.6,
            0.6,
            0.6,
            0.6,
            0.6,
            0.6,
            0.6,
            0.6,
            0.6,
            0.6
        ],
        "cav2": [
            0.33,
            0.33,
            0.33,
            0.33,
            0.33,
            0.33,
            0.33,
            0.1408418270269952,
            0.7097299661051807,
            0.6,
            0.6,
            0.6,
            0.6,
            0.6,
            0.6,
            0.6,
            0.6308744919186167,
            0.6,
            0.6,
            0.6,
            0.6,
            0.6,
            0.8786335090947677,
            0.6,
            0.6,
            0.6,
            0.6,
            0.6,
            0.6,
            0.6
        ],
        "cav4": [
            0.34,
            0.34,
            0.34,
            0.34,
            0.34,
            0.34,
            0.34,
            0.6415834006659035,
            0.6,
            0.6,
            0.6,
            0.6,
            0.6,
            0.6,
            0.6,
            0.6,
            0.6,
            0.6,
            0.6,
            0.6,
            0.6,
            0.6,
            0.6,
            0.6,
            0.6,
            0.6,
            0.6,
            0.6545492579514348,
            0.6019582119680859,
            0.6
        ]
    },
    "cav4": {
        "cav1": [
            0.33,
            0.33,
            0.33,
            0.33,
            0.33,
            0.33,
            0.43613652828191796,
            0.867568333792572,
            0.07718510983976312,
            0.3063931065380141,
            0.27048522228151906,
            0.25321468264309,
            0.41180340304331564,
            0.319129408343504,
            0.449838536238355,
            0.7306469387310783,
            0.4779711408633184,
            0.5109907576478135,
            0.6,
            0.26285025110374594,
            0.2761204581295499,
            0.6054782188724573,
            0.18515622320227687,
            0.43575764456723487,
            0.43474201761860043,
            0.5434459823076137,
            0.36771233895763256,
            0.43882241271697714,
            0.3364901721779684,
            0.3463568363890887
        ],