{
    "cav1": {
        "human_trust_level": 0.8,
        "trust_scores": {
            "cav2": [
                0.146437604339339,
                0.23562031584902282,
                0.314310759920878,
                0.467926365526958,
                0.4038358051828308,
                0.5361251806210054,
                0.6,
                0.49312821154295616,
                0.28658433205465345
            ],
            "cav3": [
                0.18886937004808696,
                0.5018652406606006,
                0.47624555791352985,
                0.29661806905786725,
                0.47636103143687225,
                0.3918746841731713,
                0.6,
                0.38728799905047573,
                0.4866082539334119
            ],
            "cav4": [
                0.4566762773215597,
                0.22425208043974384,
                0.3502517788314355,
                0.5100273223496133,
                0.49874886508306904,
                0.812797064353821,
                0.5810464396993694,
                0.6396613040596514,
                0.4829899996190424
            ]
        },
        "detected_objects": [
            {
                "frame": 1,
                "objects": [
                    {
                        "label": "bottle",
                        "confidence": 0.3668787181377411,
                        "box": [
                            [
                                719.8309936523438,
                                664.5648193359375,
                                898.9026489257812,
                                1145.621337890625
                            ]
                        ]
                    }
                ],
                "scene_label": "pill bottle",
                "confidence": 8.027798652648926
            },
            {
                "frame": 2,
                "objects": [
                    {
                        "label": "bottle",
                        "confidence": 0.6942054629325867,
                        "box": [
                            [
                                554.9688720703125,
                                654.0535278320312,
                                728.7653198242188,
                                1133.46044921875
                            ]
                        ]
                    }
                ],
                "scene_label": "pill bottle",
                "confidence": 9.568717002868652
            },
            {
                "frame": 3,
                "objects": [
                    {
                        "label": "bottle",
                        "confidence": 0.26776525378227234,
                        "box": [
                            [
                                304.4195251464844,
                                642.234375,
                                477.9939880371094,
                                1128.0128173828125
                            ]
                        ]
                    }
                ],
                "scene_label": "pill bottle",
                "confidence": 9.08607006072998
            },
            {
                "frame": 4,
                "objects": [
                    {
                        "label": "bottle",
                        "confidence": 0.4521690309047699,
                        "box": [
                            [
                                77.2782211303711,
                                643.5443115234375,
                                249.4972381591797,
                                1122.8082275390625
                            ]
                        ]
                    }
                ],
                "scene_label": "perfume",
                "confidence": 7.062845706939697
            },
            {
                "frame": 5,
                "objects": [],
                "scene_label": "parallel bars",
                "confidence": 4.818885326385498
            },
            {
                "frame": 6,
                "objects": [],
                "scene_label": "parallel bars",
                "confidence": 6.809925079345703
            },
            {
                "frame": 7,
                "objects": [],
                "scene_label": "parallel bars",
                "confidence": 5.12933349609375
            },
            {
                "frame": 8,
                "objects": [],
                "scene_label": "lighthouse",
                "confidence": 6.107935905456543
            },
            {
                "frame": 9,
                "objects": [],
                "scene_label": "parallel bars",
                "confidence": 6.252439022064209
            },
            {
                "frame": 10,
                "objects": [],
                "scene_label": "albatross",
                "confidence": 5.674679279327393
            }
        ]
    },
    "cav2": {
        "human_trust_level": 0.8,
        "trust_scores": {
            "cav1": [
                0.5076175765427744,
                0.4420348611787561,
                0.527892667422965,
                0.6,
                0.5641858534949054,
                0.511216943609808,
                0.6984743127421787,
                0.35563522216775384,
                0.4193586003018335
            ],
            "cav3": [
                0.24265690223283354,
                0.2566422237840324,
                0.3264839345082593,
                0.6,
                0.3460009706312573,
                0.4886230559056657,
                0.5499695885551702,
                0.23965759316035362,
                0.422573905367818
            ],
            "cav4": [
                0.160756082060665,
                0.58136613087402,
                0.8063427578270077,
                0.26529880645415177,
                0.14321425066544452,
                0.4978925078087327,
                0.7485658155109622,
                0.17286875883551925,
                0.4019364234388402
            ]
        },
        "detected_objects": [
            {
                "frame": 1,
                "objects": [
                    {
                        "label": "bottle",
                        "confidence": 0.8941806554794312,
                        "box": [
                            [
                                670.0079956054688,
                                178.6329345703125,
                                1080.0,
                                1345.7608642578125
                            ]
                        ]
                    }
                ],
                "scene_label": "pill bottle",
                "confidence": 9.195980072021484
            },
            {
                "frame": 2,
                "objects": [
                    {
                        "label": "bottle",
                        "confidence": 0.9424511790275574,
                        "box": [
                            [
                                286.3424377441406,
                                192.523681640625,
                                715.941162109375,
                                1342.6453857421875
                            ]
                        ]
                    }
                ],
                "scene_label": "pill bottle",
                "confidence": 10.938824653625488
            },
            {
                "frame": 3,
                "objects": [
                    {
                        "label": "bottle",
                        "confidence": 0.6947113871574402,
                        "box": [
                            [
                                2.94415283203125,
                                171.7862548828125,
                                279.1449279785156,
                                1332.7178955078125
                            ]
                        ]
                    }
                ],