{
    "cav1": {
        "human_trust_level": 0.3,
        "trust_scores": {
            "cav2": [
                0.42000012445488333,
                0.5291095373030253,
                0.6,
                0.3696935911401796,
                0.40512957392368676,
                0.6,
                0.6,
                0.39184489037757264,
                0.34413334007751495
            ],
            "cav3": [
                0.6,
                0.6,
                0.33627059994044745,
                0.41482638972767005,
                0.34675921938178567,
                0.6,
                0.6,
                0.3834401516187717,
                0.39076275160701135
            ],
            "cav4": [
                0.7156631195514945,
                0.6,
                0.44143535435300785,
                0.34985271109623217,
                0.5637466803294763,
                0.44246454470606345,
                0.32278012481509877,
                0.6,
                0.3891467562943447
            ]
        },
        "detected_objects": [
            {
                "frame": 1,
                "objects": [
                    {
                        "label": "bottle",
                        "confidence": 0.3668787181377411,
                        "box": [
                            [
                                719.8309936523438,
                                664.5648193359375,
                                898.9026489257812,
                                1145.621337890625
                            ]
                        ]
                    }
                ],
                "scene_label": "pill bottle",
                "confidence": 8.027798652648926
            },
            {
                "frame": 2,
                "objects": [
                    {
                        "label": "bottle",
                        "confidence": 0.6942054629325867,
                        "box": [
                            [
                                554.9688720703125,
                                654.0535278320312,
                                728.7653198242188,
                                1133.46044921875
                            ]
                        ]
                    }
                ],
                "scene_label": "pill bottle",
                "confidence": 9.568717002868652
            },
            {
                "frame": 3,
                "objects": [
                    {
                        "label": "bottle",
                        "confidence": 0.26776525378227234,
                        "box": [
                            [
                                304.4195251464844,
                                642.234375,
                                477.9939880371094,
                                1128.0128173828125
                            ]
                        ]
                    }
                ],
                "scene_label": "pill bottle",
                "confidence": 9.08607006072998
            },
            {
                "frame": 4,
                "objects": [
                    {
                        "label": "bottle",
                        "confidence": 0.4521690309047699,
                        "box": [
                            [
                                77.2782211303711,
                                643.5443115234375,
                                249.4972381591797,
                                1122.8082275390625
                            ]
                        ]
                    }
                ],
                "scene_label": "perfume",
                "confidence": 7.062845706939697
            },
            {
                "frame": 5,
                "objects": [],
                "scene_label": "parallel bars",
                "confidence": 4.818885326385498
            },
            {
                "frame": 6,
                "objects": [],
                "scene_label": "parallel bars",
                "confidence": 6.809925079345703
            },
            {
                "frame": 7,
                "objects": [],
                "scene_label": "parallel bars",
                "confidence": 5.12933349609375
            },
            {
                "frame": 8,
                "objects": [],
                "scene_label": "lighthouse",
                "confidence": 6.107935905456543
            },
            {
                "frame": 9,
                "objects": [],
                "scene_label": "parallel bars",
                "confidence": 6.252439022064209
            },
            {
                "frame": 10,
                "objects": [],
                "scene_label": "albatross",
                "confidence": 5.674679279327393
            }
        ]
    },
    "cav2": {
        "human_trust_level": 0.3,
        "trust_scores": {
            "cav1": [
                0.6094938405366624,
                0.5326623416102958,
                0.5736423887750949,
                0.3245299315050909,
                0.402387306640453,
                0.5069121678535189,
                0.6,
                0.4597221677350781,
                0.689660834203129
            ],
            "cav3": [
                0.3870600146772817,
                0.6,
                0.5214279092946413,
                0.3862461338721524,
                0.5569135992328509,
                0.5004195767031351,
                0.6,
                0.8084404184175041,
                0.6
            ],
            "cav4": [
                0.402143770400577,
                0.7704216297457246,
                0.7493590249770575,
                0.4678943432587897,
                0.4200318061566264,
                0.49758506709992095,
                0.6,
                0.6,
                0.38060763014061144
            ]
        },
        "detected_objects": [
            {
                "frame": 1,
                "objects": [
                    {
                        "label": "bottle",
                        "confidence": 0.8941806554794312,
                        "box": [
                            [
                                670.0079956054688,
                                178.6329345703125,
                                1080.0,
                                1345.7608642578125
                            ]
                        ]
                    }
                ],
                "scene_label": "pill bottle",
                "confidence": 9.195980072021484
            },
            {
                "frame": 2,
                "objects": [
                    {
                        "label": "bottle",
                        "confidence": 0.9424511790275574,
                        "box": [
                            [
                                286.3424377441406,
                                192.523681640625,
                                715.941162109375,
                                1342.6453857421875
                            ]
                        ]
                    }
                ],
                "scene_label": "pill bottle",
                "confidence": 10.938824653625488
            },
            {
                "frame": 3,
                "objects": [
                    {
                        "label": "bottle",
                        "confidence": 0.6947113871574402,
                        "box": [
                            [
                                2.94415283203125,
                                171.7862548828125,
                                279.1449279785156,
                                1332.7178955078125
                            ]
                        ]
                    }
                ],
                "scene_label": "pill bottle",
                "confidence": 13.559309959411621
            },
            {
                "frame": 4,