{
    "cav1": {
        "cav2": [
            0.33,
            0.35,
            0.2818946752644618,
            0.33,
            0.24693685008965557,
            0.28026700034913643,
            0.3699887915457731,
            0.4,
            0.6,
            0.6,
            0.6,
            0.65,
            0.6,
            0.66,
            0.65,
            0.6,
            0.6,
            0.6,
            0.6,
            0.64,
            0.6,
            0.6,
            0.6,
            0.6,
            0.6,
            0.6,
            0.6,
            0.6,
            0.6,
            0.6,
            0.6
        ],
        "cav3": [
            0.3570346110269695,
            0.3115106306478638,
            0.21427899667195088,
            0.33,
            0.321390636552109,
            0.41,
            0.44789125852215755,
            0.39,
            0.39,
            0.47,
            0.41,
            0.44,
            0.49,
            0.51,
            0.56,
            0.6,
            0.6,
            0.6,
            0.6,
            0.7,
            0.75,
            0.75,
            0.6,
            0.6,
            0.6,
            0.6,
            0.6,
            0.6,
            0.6,
            0.6882076675717383,
            0.6
        ],
        "cav4": [
            0.3006172177104517,
            0.303145670137851,
            0.36,
            0.26194048231666733,
            0.5528771984408,
            0.44,
            0.61,
            0.63,
            0.6326551924178714,
            0.6,
            0.65,
            0.68,
            0.7,
            0.75,
            0.76,
            0.67,
            0.75,
            0.76,
            0.75,
            0.75,
            0.8,
            0.75,
            0.65,
            0.65,
            0.6,
            0.6,
            0.6,
            0.6,
            0.6,
            0.6,
            0.6
        ]
    },
    "cav2": {
        "cav1": [
            0.33,
            0.33,
            0.33,
            0.4236238775952181,
            0.6,
            0.5093364779090905,
            0.37918472273634996,
            0.4592271302466972,
            0.42606537427949814,
            0.40439435394764905,
            0.6,
            0.6684454691805417,
            0.6959627734739376,
            0.4721104478230364,
            0.7106379533687047,
            0.6832101006848723,
            0.38414820769761404,
            0.5633099253816505,
            0.6,
            0.8777710252078009,
            0.3155233808460799,
            0.6450478423549565,
            0.3186175914280634,
            0.43500602877204986,
            0.40574672747357127,
            0.4613535331711761,
            0.585014550077108,
            0.38246046788048726,
            0.47021757914702456,
            0.5189844076889976,
            0.6
        ],
        "cav3": [
            0.33,
            0.33,
            0.33,
            0.4344873510133059,
            0.4489490250973413,
            0.6,
            0.3708190493319755,
            0.44020475280536825,
            0.4201678260990677,
            0.39876546696571713,
            0.5586731671506604,
            0.36165795932879674,
            0.8215314017280408,
            0.6,
            0.4755695788276936,
            0.38432411412688394,
            0.38945148704104865,
            0.36501018218868353,
            0.37273774471154963,
            0.6,
            0.3531868503993945,
            0.6427683334541987,
            0.6,
            0.6,
            0.6,
            0.34220524524400275,
            0.43146339177001075,
            0.4064660560279795,
            0.5107647295608571,
            0.47481174626615963,
            0.5784388722070158
        ],
        "cav4": [
            0.34,
            0.34,
            0.34,
            0.6463788485144927,
            0.4017712430041953,
            0.6,
            0.4238416504494409,
            0.45687655403067906,
            0.6289105189842414,
            0.3354295463719772,
            0.3199257772390854,
            0.4492547042394756,
            0.7022201984802474,
            0.33356107124182693,
            0.4257268495844043,
            0.6757454094497305,
            0.6,
            0.3780381474088514,
            0.6,
            0.6,
            0.4568476146462973,
            0.7312280029772635,
            0.37970796391465644,
            0.6,
            0.4060220640917424,
            0.7255352726877541,
            0.42366467890225673,
            0.41080604269430215,
            0.44912674644850176,
            0.34960711178660336,
            0.45780010059226317
        ]
    },
    "cav3": {
        "cav1": [
            0.13212232474175073,
            0.05687149077464704,
            0.13321058931361593,
            0.5518166845555584,
            0.13110455049962158,
            0.374343726163179,
            0.48670780613045617,
            0.4663823551279087,
            0.3258043871857693,
            0.6,
            0.6,
            0.6,
            0.6,
            0.7877537257699455,
            0.6,
            0.6,
            0.6,
            0.6,
            0.7108568703254551,
            0.6,
            0.6,
            0.6,
            0.6,
            0.6,
            0.6,
            0.6,
            0.6,
            0.6,
            0.6,
            0.6,
            0.6
        ],
        "cav2": [
            0.5163931260575096,
            0.5649507242861891,
            0.479265988595789,
            0.32207666695806814,
            0.4668637512350567,
            0.42994020588795073,
            0.2275927588364974,
            0.3339803072466629,
            0.48587906751101834,
            0.6,
            0.6,
            0.6,
            0.6,
            0.6,
            0.6,
            0.6,
            0.6,
            0.6,
            0.6,
            0.6,
            0.6,
            0.6,
            0.6,
            0.6,
            0.6,
            0.8988360587605507,
            0.6,
            0.6,
            0.6,
            0.6,
            0.6
        ],
        "cav4": [
            0.40117092428555745,
            0.41696276326468434,
            0.493972959516581,
            0.4356220482631145,
            0.18401869674940594,
            0.08630950575446393,
            0.5213351558545357,
            0.3743020345986603,
            0.6140150465210918,
            0.6,
            0.6,
            0.6,
            0.6,
            0.6,
            0.6,
            0.6,
            0.6,
            0.6,
            0.6,
            0.6,
            0.6,
            0.6,
            0.6,
            0.6010701046236667,
            0.6804658980329717,
            0.6,
            0.6,
            0.6,
            0.6,
            0.6,
            0.6
        ]
    },
    "cav4": {
        "cav1": [
            0.33,
            0.33,
            0.3437133137254167,
            0.6687954348124183,
            0.25127410988888366,
            0.4483440128918597,
            0.5450926353890901,
            0.22655906133649106,
            0.1441859506118118,
            0.2518211630331869,
            0.28619452039521265,
            0.057587054887776906,
            0.2544452008737812,
            0.776312046797237,
            0.3337293887899167,
            0.551721540616697,
            0.21855938967234653,
            0.628001436481887,
            0.130403145470852,
            0.3340808808379842,
            0.20007239823333708,
            0.5316304891335667,
            0.12698548776602386,
            0.6396175340045906,
            0.7545237627617178,
            0.2866059942165409,
            0.44821824968940177,
            0.3052568827163942,
            0.5506791724047883,
            0.2626748462351827,
            0.19053690561673112
        ],