{
    "cav1": {
        "human_trust_level": 0.8,
        "trust_scores": {
            "cav2": [
                0.47909687116717486,
                0.7254445012818671,
                0.5484327596490378,
                0.429824860373886,
                0.42363076437060665,
                0.24416350889587657,
                0.7217347310615548,
                0.5613301268572903,
                0.6367867926067741
            ],
            "cav3": [
                0.5314369458661194,
                0.5314656482869743,
                0.10165188957999294,
                0.527721466527265,
                0.5801778548594674,
                0.3033736058081881,
                0.4603046342075485,
                0.7725939489543129,
                0.2513359488995645
            ],
            "cav4": [
                0.27634477375368643,
                0.24645067462267284,
                0.45749633906292786,
                0.09650340889851351,
                0.3356081414188107,
                0.619765351202567,
                0.18638088811707276,
                0.31788438325302204,
                0.20145751491712716
            ]
        },
        "detected_objects": [
            {
                "frame": 1,
                "objects": [
                    {
                        "label": "bottle",
                        "confidence": 0.3668787181377411,
                        "box": [
                            [
                                719.8309936523438,
                                664.5648193359375,
                                898.9026489257812,
                                1145.621337890625
                            ]
                        ]
                    }
                ],
                "scene_label": "pill bottle",
                "confidence": 8.027798652648926
            },
            {
                "frame": 2,
                "objects": [
                    {
                        "label": "bottle",
                        "confidence": 0.6942054629325867,
                        "box": [
                            [
                                554.9688720703125,
                                654.0535278320312,
                                728.7653198242188,
                                1133.46044921875
                            ]
                        ]
                    }
                ],
                "scene_label": "pill bottle",
                "confidence": 9.568717002868652
            },
            {
                "frame": 3,
                "objects": [
                    {
                        "label": "bottle",
                        "confidence": 0.26776525378227234,
                        "box": [
                            [
                                304.4195251464844,
                                642.234375,
                                477.9939880371094,
                                1128.0128173828125
                            ]
                        ]
                    }
                ],
                "scene_label": "pill bottle",
                "confidence": 9.08607006072998
            },
            {
                "frame": 4,
                "objects": [
                    {
                        "label": "bottle",
                        "confidence": 0.4521690309047699,
                        "box": [
                            [
                                77.2782211303711,
                                643.5443115234375,
                                249.4972381591797,
                                1122.8082275390625
                            ]
                        ]
                    }
                ],
                "scene_label": "perfume",
                "confidence": 7.062845706939697
            },
            {
                "frame": 5,
                "objects": [],
                "scene_label": "parallel bars",
                "confidence": 4.818885326385498
            },
            {
                "frame": 6,
                "objects": [],
                "scene_label": "parallel bars",
                "confidence": 6.809925079345703
            },
            {
                "frame": 7,
                "objects": [],
                "scene_label": "parallel bars",
                "confidence": 5.12933349609375
            },
            {
                "frame": 8,
                "objects": [],
                "scene_label": "lighthouse",
                "confidence": 6.107935905456543
            },
            {
                "frame": 9,
                "objects": [],
                "scene_label": "parallel bars",
                "confidence": 6.252439022064209
            },
            {
                "frame": 10,
                "objects": [],
                "scene_label": "albatross",
                "confidence": 5.674679279327393
            }
        ]
    },
    "cav2": {
        "human_trust_level": 0.8,
        "trust_scores": {
            "cav1": [
                0.18233078168131542,
                0.6,
                0.31048195684169316,
                0.6,
                0.19545015175082453,
                0.2999729159231219,
                0.34119295582525133,
                0.28105882228403073,
                0.41505427555286445
            ],
            "cav3": [
                0.2519377862095968,
                0.6,
                0.8090695744214713,
                0.06755883249130035,
                0.5133782774832886,
                0.3621267474596366,
                0.2948870714122769,
                0.493169490726635,
                0.36657048873472026
            ],
            "cav4": [
                0.9632418075514565,
                0.30073957773088517,
                0.6,
                0.351114130082852,
                0.3362852181273081,
                0.4293273108461933,
                0.3478877052777421,
                0.10363040351853303,
                0.3309606666588284
            ]
        },
        "detected_objects": [
            {
                "frame": 1,
                "objects": [
                    {
                        "label": "bottle",
                        "confidence": 0.8941806554794312,
                        "box": [
                            [
                                670.0079956054688,
                                178.6329345703125,
                                1080.0,
                                1345.7608642578125
                            ]
                        ]
                    }
                ],
                "scene_label": "pill bottle",
                "confidence": 9.195980072021484
            },
            {
                "frame": 2,
                "objects": [
                    {
                        "label": "bottle",
                        "confidence": 0.9424511790275574,
                        "box": [
                            [
                                286.3424377441406,
                                192.523681640625,
                                715.941162109375,
                                1342.6453857421875
                            ]
                        ]
                    }
                ],
                "scene_label": "pill bottle",
                "confidence": 10.938824653625488
            },
            {
                "frame": 3,
                "objects": [
                    {
                        "label": "bottle",
                        "confidence": 0.6947113871574402,
                        "box": [
                            [
                                2.94415283203125,
                                171.7862548828125,
                                279.1449279785156,
                                1332.7178955078125
                            ]
                        ]
                    }
                ],