{
    "cav1": {
        "trust_scores": {
            "cav2": [
                0.3342001806231462,
                0.3535521924128208,
                0.680682403754831,
                0.06769701479884886,
                0.4257024986521835,
                0.27226843228846237,
                0.6014000601705922,
                0.29377946102042546,
                0.4479224133797067
            ],
            "cav3": [
                0.468461396151854,
                0.47612492792885974,
                0.29400188135535926,
                0.2681199952701654,
                0.5316280019307522,
                0.1604683276132723,
                0.38973466385543615,
                0.3828640563250398,
                0.603975285302334
            ],
            "cav4": [
                0.5440247311208042,
                0.5437300035565628,
                0.4481109691110847,
                0.5662294407514478,
                0.5769429149536179,
                0.30451194173801244,
                0.42478217699327253,
                0.22549909157430378,
                0.33021046218648653
            ]
        },
        "detected_objects": [
            {
                "frame": 1,
                "objects": [
                    {
                        "label": "bottle",
                        "confidence": 0.3668787181377411,
                        "box": [
                            [
                                719.8309936523438,
                                664.5648193359375,
                                898.9026489257812,
                                1145.621337890625
                            ]
                        ]
                    }
                ],
                "scene_label": "pill bottle",
                "confidence": 8.027798652648926
            },
            {
                "frame": 2,
                "objects": [
                    {
                        "label": "bottle",
                        "confidence": 0.6942054629325867,
                        "box": [
                            [
                                554.9688720703125,
                                654.0535278320312,
                                728.7653198242188,
                                1133.46044921875
                            ]
                        ]
                    }
                ],
                "scene_label": "pill bottle",
                "confidence": 9.568717002868652
            },
            {
                "frame": 3,
                "objects": [
                    {
                        "label": "bottle",
                        "confidence": 0.26776525378227234,
                        "box": [
                            [
                                304.4195251464844,
                                642.234375,
                                477.9939880371094,
                                1128.0128173828125
                            ]
                        ]
                    }
                ],
                "scene_label": "pill bottle",
                "confidence": 9.08607006072998
            },
            {
                "frame": 4,
                "objects": [
                    {
                        "label": "bottle",
                        "confidence": 0.4521690309047699,
                        "box": [
                            [
                                77.2782211303711,
                                643.5443115234375,
                                249.4972381591797,
                                1122.8082275390625
                            ]
                        ]
                    }
                ],
                "scene_label": "perfume",
                "confidence": 7.062845706939697
            },
            {
                "frame": 5,
                "objects": [],
                "scene_label": "parallel bars",
                "confidence": 4.818885326385498
            },
            {
                "frame": 6,
                "objects": [],
                "scene_label": "parallel bars",
                "confidence": 6.809925079345703
            },
            {
                "frame": 7,
                "objects": [],
                "scene_label": "parallel bars",
                "confidence": 5.12933349609375
            },
            {
                "frame": 8,
                "objects": [],
                "scene_label": "lighthouse",
                "confidence": 6.107935905456543
            },
            {
                "frame": 9,
                "objects": [],
                "scene_label": "parallel bars",
                "confidence": 6.252439022064209
            },
            {
                "frame": 10,
                "objects": [],
                "scene_label": "albatross",
                "confidence": 5.674679279327393
            }
        ]
    },
    "cav2": {
        "trust_scores": {
            "cav1": [
                0.46855508313074834,
                0.3745502442068874,
                0.4173442989046756,
                0.5069002585486535,
                0.5880164230607909,
                0.15930646743724175,
                0.036555594878303496,
                0.3802706370965039,
                0.2714710666113039
            ],
            "cav3": [
                0.3173820594831273,
                0.21850793543479097,
                0.5731733869028017,
                0.5530366614274198,
                0.05931615875891792,
                0.6732356365740778,
                0.21320797032758904,
                0.37224878932223404,
                0.7344565263736333
            ],
            "cav4": [
                0.6621576730489522,
                0.4796462649708686,
                0.28707102129307954,
                0.5986214857646013,
                0.256587600866157,
                0.23482592988843728,
                0.5467740020774362,
                0.26615510568923273,
                0.09584267457784817
            ]
        },
        "detected_objects": [
            {
                "frame": 1,
                "objects": [
                    {
                        "label": "bottle",
                        "confidence": 0.8941806554794312,
                        "box": [
                            [
                                670.0079956054688,
                                178.6329345703125,
                                1080.0,
                                1345.7608642578125
                            ]
                        ]
                    }
                ],
                "scene_label": "pill bottle",
                "confidence": 9.195980072021484
            },
            {
                "frame": 2,
                "objects": [
                    {
                        "label": "bottle",
                        "confidence": 0.9424511790275574,
                        "box": [
                            [
                                286.3424377441406,
                                192.523681640625,
                                715.941162109375,
                                1342.6453857421875
                            ]
                        ]
                    }
                ],
                "scene_label": "pill bottle",
                "confidence": 10.938824653625488
            },
            {
                "frame": 3,
                "objects": [
                    {
                        "label": "bottle",
                        "confidence": 0.6947113871574402,
                        "box": [
                            [
                                2.94415283203125,
                                171.7862548828125,
                                279.1449279785156,
                                1332.7178955078125
                            ]
                        ]
                    }
                ],