{
    "cav1": {
        "human_trust_level": 0.8,
        "trust_scores": {
            "cav2": [
                0.33,
                0.5855598937217585,
                0.3135091175788394,
                0.7485005933399809,
                0.6958231637986128,
                0.3577677056542182,
                0.917664652740876,
                0.4384451773503212,
                0.31445122639058987
            ],
            "cav3": [
                0.33,
                0.433878357497411,
                0.4622004052549971,
                0.42699539837256256,
                0.28989796614997915,
                0.5490187463900789,
                0.6,
                0.4717578683113409,
                0.4630641676536709
            ],
            "cav4": [
                0.34,
                0.0796722722236503,
                0.4837425731606954,
                0.5856634296203639,
                0.27951406219622876,
                0.2573490831785077,
                0.6,
                0.3889793908087135,
                0.47910178578952867
            ]
        },
        "detected_objects": [
            {
                "frame": 1,
                "objects": [
                    {
                        "label": "bottle",
                        "confidence": 0.3668787181377411,
                        "box": [
                            [
                                719.8309936523438,
                                664.5648193359375,
                                898.9026489257812,
                                1145.621337890625
                            ]
                        ]
                    }
                ],
                "scene_label": "pill bottle",
                "confidence": 8.027798652648926
            },
            {
                "frame": 2,
                "objects": [
                    {
                        "label": "bottle",
                        "confidence": 0.6942054629325867,
                        "box": [
                            [
                                554.9688720703125,
                                654.0535278320312,
                                728.7653198242188,
                                1133.46044921875
                            ]
                        ]
                    }
                ],
                "scene_label": "pill bottle",
                "confidence": 9.568717002868652
            },
            {
                "frame": 3,
                "objects": [
                    {
                        "label": "bottle",
                        "confidence": 0.26776525378227234,
                        "box": [
                            [
                                304.4195251464844,
                                642.234375,
                                477.9939880371094,
                                1128.0128173828125
                            ]
                        ]
                    }
                ],
                "scene_label": "pill bottle",
                "confidence": 9.08607006072998
            },
            {
                "frame": 4,
                "objects": [
                    {
                        "label": "bottle",
                        "confidence": 0.4521690309047699,
                        "box": [
                            [
                                77.2782211303711,
                                643.5443115234375,
                                249.4972381591797,
                                1122.8082275390625
                            ]
                        ]
                    }
                ],
                "scene_label": "perfume",
                "confidence": 7.062845706939697
            },
            {
                "frame": 5,
                "objects": [],
                "scene_label": "parallel bars",
                "confidence": 4.818885326385498
            },
            {
                "frame": 6,
                "objects": [],
                "scene_label": "parallel bars",
                "confidence": 6.809925079345703
            },
            {
                "frame": 7,
                "objects": [],
                "scene_label": "parallel bars",
                "confidence": 5.12933349609375
            },
            {
                "frame": 8,
                "objects": [],
                "scene_label": "lighthouse",
                "confidence": 6.107935905456543
            },
            {
                "frame": 9,
                "objects": [],
                "scene_label": "parallel bars",
                "confidence": 6.252439022064209
            },
            {
                "frame": 10,
                "objects": [],
                "scene_label": "albatross",
                "confidence": 5.674679279327393
            }
        ]
    },
    "cav2": {
        "human_trust_level": 0.8,
        "trust_scores": {
            "cav1": [
                0.33,
                0.2413578129794293,
                0.2060439675246073,
                0.4355779492980211,
                0.4575784076972287,
                0.49617717581616616,
                0.4909332222455824,
                0.43966831986533955,
                0.4282543152732761
            ],
            "cav3": [
                0.33,
                0.3335382671198893,
                0.22399882619470807,
                0.41733869881836777,
                0.39977144712433726,
                0.6850123804554388,
                0.10959544887739475,
                0.2560781777769197,
                0.4268957507973759
            ],
            "cav4": [
                0.34,
                0.2817303656165214,
                0.7427284572403703,
                0.5896240060888962,
                0.31759136288683876,
                0.39496815206621905,
                0.5728448238182949,
                0.35709924465434323,
                0.43550873465982776
            ]
        },
        "detected_objects": [
            {
                "frame": 1,
                "objects": [
                    {
                        "label": "bottle",
                        "confidence": 0.8941806554794312,
                        "box": [
                            [
                                670.0079956054688,
                                178.6329345703125,
                                1080.0,
                                1345.7608642578125
                            ]
                        ]
                    }
                ],
                "scene_label": "pill bottle",
                "confidence": 9.195980072021484
            },
            {
                "frame": 2,
                "objects": [
                    {
                        "label": "bottle",
                        "confidence": 0.9424511790275574,
                        "box": [
                            [
                                286.3424377441406,
                                192.523681640625,
                                715.941162109375,
                                1342.6453857421875
                            ]
                        ]
                    }
                ],
                "scene_label": "pill bottle",
                "confidence": 10.938824653625488
            },
            {
                "frame": 3,
                "objects": [
                    {
                        "label": "bottle",
                        "confidence": 0.6947113871574402,
                        "box": [
                            [
                                2.94415283203125,
                                171.7862548828125,
                                279.1449279785156,
                                1332.7178955078125
                            ]
                        ]
                    }
                ],
                "scene_label": "pill bottle",