{
    "cav1": {
        "trust_scores": {
            "cav2": [
                0.4574961941243184,
                0.5511938127291682,
                0.6,
                0.5895368879599944,
                0.6,
                0.6,
                0.3078523631096762,
                0.6,
                0.6,
                0.5561544996365368,
                0.35894219955114104,
                0.38711507401487383,
                0.6,
                0.4350721891353684,
                0.6,
                0.6,
                0.5130718883000064,
                0.6,
                0.6138485708654905,
                0.395486310469967,
                0.6,
                0.7844369201076831,
                0.3094199331180036,
                0.37219441411140625,
                0.4051207333736664,
                0.6,
                0.6,
                0.6,
                0.425759724956493,
                0.44429359741951086
            ],
            "cav3": [
                0.6,
                0.4998509861214006,
                0.6,
                0.3174269149385225,
                0.6,
                0.48438927504384943,
                0.4017903057242998,
                0.4415746183663659,
                0.31806419334756375,
                0.6,
                0.5380248030316875,
                0.5152935799583869,
                0.6,
                0.32024395757698737,
                0.5408489510788086,
                0.9134038346086953,
                0.31396873149078675,
                0.3536431215997501,
                0.5205219505658337,
                0.30714429064943566,
                0.4505944053459565,
                0.6,
                0.6196804556822638,
                0.4062490738864572,
                0.5212583970505122,
                0.6,
                0.337577813429713,
                0.7291818574950374,
                0.6,
                0.45505121028382045
            ],
            "cav4": [
                0.6,
                0.3119254805738441,
                0.4622837883215207,
                0.6,
                0.6,
                0.6,
                0.3577600544082372,
                0.34374351382088186,
                0.5726763418972086,
                0.6,
                0.5115739558937429,
                0.4685213369076216,
                0.5935390609820284,
                0.3875797387356479,
                0.6,
                0.41548972110339183,
                0.36083923828912445,
                0.5499017066315907,
                0.615271487471817,
                0.6,
                0.5629010677991767,
                0.5975991781556892,
                0.4071174391902355,
                0.618189518851258,
                0.6941334703136474,
                0.44505814363422835,
                0.5443389847369107,
                0.46149810404570557,
                0.5405979208339008,
                0.41379532337257796
            ]
    }
    },
    "cav2": {
        "trust_scores": {
            "cav1": [
                0.6,
                0.33606848275170464,
                0.6,
                0.48077225577360316,
                0.6,
                0.6,
                0.5515879033526834,
                0.4000274850745485,
                0.3870703693669033,
                0.571677004205158,
                0.434933026646117,
                0.7059620319947542,
                0.3940540617263621,
                0.37891794932199896,
                0.8427512128586399,
                0.4182158570641284,
                0.35502091651982876,
                0.4109124230680936,
                0.43732327848970937,
                0.35774622778849297,
                0.38647784860082013,
                0.5657218255473444,
                0.3410977916288924,
                0.3484076290654606,
                0.5795561412007456,
                0.4373857354872026,
                0.3772080542143561,
                0.40066061931167124,
                0.3899458217748181,
                0.6
            ],
            "cav3": [
                0.4622659558562721,
                0.3966011612070367,
                0.6435820327137602,
                0.5403925611807172,
                0.314864259747124,
                0.432489457060276,
                0.3965924984697297,
                0.4311084506634131,
                0.6,
                0.6,
                0.6,
                0.6,
                0.415412159827909,
                0.30500764522618246,
                0.3591934537944401,
                0.40052862967215885,
                0.34383850303736957,
                0.34826087180591886,
                0.3594329517674627,
                0.3913780416237814,
                0.6207251125474391,
                0.672073495480291,
                0.6,
                0.6823959860063087,
                0.31064209400140563,
                0.3312341799209773,
                0.4242484172016975,
                0.46475672709004673,
                0.7805048171977308,
                0.489215596198276
            ],
            "cav4": [
                0.6039233218676738,
                0.6357104358887593,
                0.3186041439401194,
                0.6,
                0.6,
                0.6,
                0.3651227695848057,
                0.4487384446169901,
                0.43733002722765696,
                0.49056865377943965,
                0.6,
                0.6,
                0.6,
                0.503319363422125,
                0.3927908589753144,
                0.6,
                0.8650893326986728,
                0.3004430787286001,
                0.6,
                0.47903170294089514,
                0.5043718196763387,
                0.6,
                0.5110654525962206,
                0.6,
                0.4919151259130371,
                0.45085647416103836,
                0.6,
                0.5686983896053424,
                0.5745809598485817,
                0.31187543710235305
            ]
        }
    },
    "cav3": {
        "trust_scores": {
            "cav1": [
                0.5117178490152499,
                0.6213356947526439,
                0.8480430808431845,
                0.6,
                0.35585260569246535,
                0.436306567885054,
                0.6,
                0.6,
                0.6,
                0.5297717067899137,
                0.6,
                0.3258271809111755,
                0.6961105841341858,
                0.3348539748534564,
                0.6,
                0.30247346360492783,
                0.6,
                0.6,
                0.537897105793583,
                0.49137531279858204,
                0.6,
                0.6,
                0.44806607378272506,
                0.6,
                0.3829023375463957,
                0.6,
                0.6303915100566272,
                0.6,
                0.6,
                0.6
            ],
            "cav2": [
                0.4896083497786882,
                0.6,
                0.35958227832646794,
                0.6107379976686392,
                0.530850793321262,
                0.6,
                0.36174821505871413,
                0.5553800178356791,
                0.6,
                0.49347531785568155,
                0.6,
                0.6,
                0.6,
                0.6,
                0.4690741687076795,
                0.3275782013683673,
                0.5047033337672735,
                0.5882956205113102,
                0.40715644851931393,
                0.5504276738173287,
                0.6,
                0.5778451337828813,
                0.6439579923241416,
                0.6,
                0.5265249033010996,
                0.5825641190812438,
                0.6,
                0.34605015335972744,
                0.3635964296893906,
                0.41527886279804754
            ],