{
    "cav1": {
        "cav2": [
            0.34,
            0.4398895963715926,
            0.5389806901307783,
            0.45,
            0.46,
            0.6,
            0.631426050196228,
            0.6,
            0.6,
            0.8,
            0.6,
            0.6,
            0.55,
            0.43,
            0.33,
            0.2712582051089548,
            0.33,
            0.33
        ],
        "cav3": [
            0.33,
            0.3827354005728053,
            0.45,
            0.4328267731744699,
            0.45,
            0.767401803249916,
            0.6,
            0.6,
            0.6,
            0.6,
            0.6,
            0.6,
            0.447354543297153,
            0.36080545766965355,
            0.34,
            0.2667078874321895,
            0.33,
            0.34
        ],
        "cav4": [
            0.0,
            0.0,
            0.0,
            0.0,
            0.0,
            0.0,
            0.0,
            0.0,
            0.0,
            0.0,
            0.15,
            0.32,
            0.45075499662724167,
            0.6580993956198314,
            0.3065268677259181,
            0.61,
            0.6,
            0.5484047223812373
        ]
    },
    "cav2": {
        "cav1": [
            0.33,
            0.33,
            0.33,
            0.33,
            0.33,
            0.33,
            0.33,
            0.33,
            0.33,
            0.33,
            0.5340678344933796,
            0.48683770722810216,
            0.42945577208504015,
            0.43192229510627683,
            0.6,
            0.48977945730065997,
            0.503916910835404,
            0.22212245106599382
        ],
        "cav3": [
            0.33,
            0.33,
            0.33,
            0.33,
            0.33,
            0.33,
            0.33,
            0.33,
            0.33,
            0.33,
            0.3534237131594611,
            0.38571983262563997,
            0.46400532847449877,
            0.5007328321355978,
            0.6,
            0.13425232447511085,
            0.38069726931000253,
            0.21600278483384514
        ],
        "cav4": [
            0.34,
            0.34,
            0.34,
            0.34,
            0.34,
            0.34,
            0.34,
            0.34,
            0.34,
            0.34,
            0.39613156363692203,
            0.18123501543638515,
            0.33570605021121336,
            0.8849340667670156,
            0.6552777750999609,
            0.2688869124951179,
            0.2586857110527827,
            0.3024629931226807
        ]
    },
    "cav3": {
        "cav1": [
            0.33,
            0.33,
            0.33,
            0.39230595629266496,
            0.6,
            0.6,
            0.6,
            0.4699706761265029,
            0.5686888603010296,
            0.6,
            0.33018491026121677,
            0.32975884635754027,
            0.5317576605654459,
            0.6,
            0.7675803099077874,
            0.39516197604325937,
            0.3632818521587138,
            0.6
        ],
        "cav2": [
            0.33,
            0.33,
            0.33,
            0.6368908803091389,
            0.4759466238934389,
            0.3367471062410817,
            0.6305482414546811,
            0.38645544370522067,
            0.4543414592413308,
            0.32495206054915093,
            0.3765715686374413,
            0.34765834737116424,
            0.30113488784660253,
            0.4659699431388109,
            0.5767133836217934,
            0.6,
            0.6729951764358824,
            0.3501641965022627
        ],
        "cav4": [
            0.34,
            0.34,
            0.34,
            0.6101885336801992,
            0.6632048674786595,
            0.38383789792927997,
            0.6,
            0.6694647464685766,
            0.3020478841058326,
            0.6,
            0.5636701601217047,
            0.6,
            0.3106970903469777,
            0.6,
            0.6777311500078517,
            0.35277605196826917,
            0.6,
            0.5688409621635869
        ]
    },
    "cav4": {
        "cav1": [
            0.3379167748366941,
            0.6474374853078086,
            0.6,
            0.6,
            0.6,
            0.6,
            0.6,
            0.6,
            0.6151493988659557,
            0.6404858787014249,
            0.6,
            0.6,
            0.6,
            0.6,
            0.6,
            0.6,
            0.6,
            0.6
        ],
        "cav2": [
            0.5620019201235797,
            0.789680162526929,
            0.6,
            0.6884577394429977,
            0.6,
            0.6,
            0.6,
            0.6,
            0.8217377763188868,
            0.6,
            0.6,
            0.6,
            0.6,
            0.640076372366479,
            0.6,
            0.6,
            0.6,
            0.6
        ],
        "cav3": [
            0.2803542259219862,
            0.6,
            0.6,
            0.6,
            0.6,
            0.7467003237933749,
            0.6,
            0.6,
            0.6,
            0.6,
            0.7306334690207785,
            0.6,
            0.6,
            0.6,
            0.6,
            0.6,
            0.6,
            0.6
        ]
    }
}