{
    "cav1": {
        "human_trust_level": 0.8,
        "trust_scores": {
            "cav2": [
                0.4016604199668065,
                0.2729693169373466,
                0.31021315503194474,
                0.6119248427174571,
                0.3287200878097588,
                0.47282556835104866,
                0.3380056205072582,
                0.46154475820178864,
                0.07799640014656932
            ],
            "cav3": [
                0.5485016591579192,
                0.27120978345261965,
                0.44615296699705626,
                0.3471916340264938,
                0.17957027068474607,
                0.29814409032046685,
                0.18979003769530378,
                0.3870262704274812,
                0.48719525439072736
            ],
            "cav4": [
                0.20666368445298192,
                0.0016641267155865992,
                0.4586814304197573,
                0.3905735305402999,
                0.24965538125689807,
                0.506208877172131,
                0.485386691322412,
                0.5812961130810603,
                0.5836741080685678
            ]
        },
        "detected_objects": [
            {
                "frame": 1,
                "objects": [
                    {
                        "label": "bottle",
                        "confidence": 0.3668787181377411,
                        "box": [
                            [
                                719.8309936523438,
                                664.5648193359375,
                                898.9026489257812,
                                1145.621337890625
                            ]
                        ]
                    }
                ],
                "scene_label": "pill bottle",
                "confidence": 8.027798652648926
            },
            {
                "frame": 2,
                "objects": [
                    {
                        "label": "bottle",
                        "confidence": 0.6942054629325867,
                        "box": [
                            [
                                554.9688720703125,
                                654.0535278320312,
                                728.7653198242188,
                                1133.46044921875
                            ]
                        ]
                    }
                ],
                "scene_label": "pill bottle",
                "confidence": 9.568717002868652
            },
            {
                "frame": 3,
                "objects": [
                    {
                        "label": "bottle",
                        "confidence": 0.26776525378227234,
                        "box": [
                            [
                                304.4195251464844,
                                642.234375,
                                477.9939880371094,
                                1128.0128173828125
                            ]
                        ]
                    }
                ],
                "scene_label": "pill bottle",
                "confidence": 9.08607006072998
            },
            {
                "frame": 4,
                "objects": [
                    {
                        "label": "bottle",
                        "confidence": 0.4521690309047699,
                        "box": [
                            [
                                77.2782211303711,
                                643.5443115234375,
                                249.4972381591797,
                                1122.8082275390625
                            ]
                        ]
                    }
                ],
                "scene_label": "perfume",
                "confidence": 7.062845706939697
            },
            {
                "frame": 5,
                "objects": [],
                "scene_label": "parallel bars",
                "confidence": 4.818885326385498
            },
            {
                "frame": 6,
                "objects": [],
                "scene_label": "parallel bars",
                "confidence": 6.809925079345703
            },
            {
                "frame": 7,
                "objects": [],
                "scene_label": "parallel bars",
                "confidence": 5.12933349609375
            },
            {
                "frame": 8,
                "objects": [],
                "scene_label": "lighthouse",
                "confidence": 6.107935905456543
            },
            {
                "frame": 9,
                "objects": [],
                "scene_label": "parallel bars",
                "confidence": 6.252439022064209
            },
            {
                "frame": 10,
                "objects": [],
                "scene_label": "albatross",
                "confidence": 5.674679279327393
            }
        ]
    },
    "cav2": {
        "human_trust_level": 0.8,
        "trust_scores": {
            "cav1": [
                0.31312906017452946,
                0.5604414651820522,
                0.22280851886922617,
                0.43904445953583043,
                0.3425306366863148,
                0.23043460577936614,
                0.5275172157931759,
                0.28589434071817754,
                0.8082915826807138
            ],
            "cav3": [
                0.7986055756495967,
                0.1956789027370347,
                0.48116156621394934,
                0.30592236991312416,
                0.018727516531779804,
                0.26070762939230074,
                0.23227669921916974,
                0.2150551640069727,
                0.8157384216277749
            ],
            "cav4": [
                0.42762155409258557,
                0.34252491388469747,
                0.2584673462288875,
                0.5231593560536386,
                0.16402235588424166,
                0.25589499198664123,
                0.42457707684322116,
                0.47907289378636514,
                0.6
            ]
        },
        "detected_objects": [
            {
                "frame": 1,
                "objects": [
                    {
                        "label": "bottle",
                        "confidence": 0.8941806554794312,
                        "box": [
                            [
                                670.0079956054688,
                                178.6329345703125,
                                1080.0,
                                1345.7608642578125
                            ]
                        ]
                    }
                ],
                "scene_label": "pill bottle",
                "confidence": 9.195980072021484
            },
            {
                "frame": 2,
                "objects": [
                    {
                        "label": "bottle",
                        "confidence": 0.9424511790275574,
                        "box": [
                            [
                                286.3424377441406,
                                192.523681640625,
                                715.941162109375,
                                1342.6453857421875
                            ]
                        ]
                    }
                ],
                "scene_label": "pill bottle",
                "confidence": 10.938824653625488
            },
            {
                "frame": 3,
                "objects": [
                    {
                        "label": "bottle",
                        "confidence": 0.6947113871574402,