{
    "cav1": {
        "cav2": [
            0.8858252278382556,
            0.6,
            0.6068733040102104,
            0.6,
            0.6,
            0.6,
            0.6,
            0.5071879767430876,
            0.6882776390345885,
            0.6,
            0.6,
            0.5892756644539215,
            0.6,
            0.6,
            0.6,
            0.6,
            0.6,
            0.6,
            0.6,
            0.5236791070188601,
            0.5155119041661169,
            0.5155033754174136,
            0.6,
            0.5126084556451473,
            0.6,
            0.6,
            0.6,
            0.6,
            0.6,
            0.6
        ],
        "cav3": [
            0.2952562173341895,
            0.6,
            0.6,
            0.6,
            0.6,
            0.5202194376782439,
            0.6,
            0.6,
            0.6,
            0.6,
            0.6,
            0.6,
            0.5719068925677104,
            0.5164915167474305,
            0.5759066454641881,
            0.6,
            0.6,
            0.6,
            0.6683462008551051,
            0.6,
            0.6678890506610737,
            0.6,
            0.6,
            0.6,
            0.6,
            0.525112811847366,
            0.6,
            0.6,
            0.6,
            0.6
        ],
        "cav4": [
            0.6351097239098942,
            0.6,
            0.6,
            0.6341401450911316,
            0.5513572135741509,
            0.6,
            0.6,
            0.5305214792432186,
            0.6,
            0.6,
            0.9874514972215296,
            0.6,
            0.6,
            0.6,
            0.6349428110696177,
            0.6,
            0.6,
            0.6,
            0.6,
            0.6,
            0.5246420155209615,
            0.6,
            0.6,
            0.6,
            0.6,
            0.6,
            0.6,
            0.6,
            0.6,
            0.6
        ]
    },
    "cav2": {
        "cav1": [
            0.36529806796116837,
            0.6,
            0.6,
            0.6,
            0.6,
            0.6,
            0.6,
            0.5455029379205987,
            0.6,
            0.5012015506889795,
            0.6,
            0.5499850373799099,
            0.6,
            0.6,
            0.6388871909104384,
            0.6737788384614708,
            0.5680543700335065,
            0.6411226421849113,
            0.6,
            0.5185343545713778,
            0.6,
            0.7465616013514851,
            0.6,
            0.6,
            0.6,
            0.6,
            0.6,
            0.6,
            0.6,
            0.6
        ],
        "cav3": [
            0.6,
            0.6,
            0.6,
            0.5217934586698999,
            0.6,
            0.7148186031787429,
            0.6,
            0.7197876131125772,
            0.6,
            0.6,
            0.6,
            0.6,
            0.6652623057793853,
            0.5309001592842495,
            0.8542777783412623,
            0.6,
            0.6,
            0.6,
            0.5508006524963491,
            0.6481169789312534,
            0.6,
            0.6,
            0.6,
            0.5148460858622541,
            0.6,
            0.5034275674158419,
            0.6,
            0.6617089056380971,
            0.6,
            0.6
        ],
        "cav4": [
            0.5313457024429745,
            0.6,
            0.5505151905946712,
            0.6,
            0.8697705019579218,
            0.5440496984824296,
            0.6,
            0.6,
            0.60457379743341,
            0.6,
            0.6,
            0.6,
            0.6,
            0.5187544608104439,
            0.6,
            0.6,
            0.6267601688020606,
            0.6,
            0.6,
            0.6,
            0.6,
            0.6,
            0.6,
            0.5592121936558158,
            0.7285727534499706,
            0.6,
            0.6,
            0.6,
            0.6,
            0.6658890436720524
        ]
    },
    "cav3": {
        "cav1": [
            0.5241665655714816,
            0.6,
            0.6,
            0.6,
            0.6,
            0.6,
            0.6397915316788684,
            0.6224906738094759,
            0.6,
            0.5674136772711836,
            0.6,
            0.8133950841966471,
            0.6,
            0.6,
            0.6472589337938174,
            0.6,
            0.5590149598611274,
            0.6,
            0.6,
            0.5450445231936564,
            0.5432651270480534,
            0.745983315820777,
            0.6,
            0.786874823895431,
            0.6,
            0.6696655935024615,
            0.6,
            0.5052585996460457,
            0.6,
            0.6
        ],
        "cav2": [
            0.12782000476238004,
            0.6,
            0.6,
            0.6,
            0.6,
            0.6,
            0.5126169329465391,
            0.6,
            0.6,
            0.6,
            0.6,
            0.6,
            0.5403099937651679,
            0.6,
            0.5390172357847239,
            0.6,
            0.6,
            0.6,
            0.917970317668764,
            0.6,
            0.5343950002106408,
            0.6,
            0.6720606902461902,
            0.6365628285908428,
            0.6,
            0.6966995909618443,
            0.6,
            0.6,
            0.6,
            0.5283410747426102
        ],
        "cav4": [
            0.5013681380739807,
            0.6,
            0.6732029303594342,
            0.6,
            0.6,
            0.5986722842569648,
            0.6,
            0.6,
            0.5205549241564772,
            0.6,
            0.5193504683861002,
            0.6,
            0.6,
            0.6,
            0.6,
            0.6,
            0.5905239427386693,
            0.5429544553429998,
            0.6,
            0.6,
            0.5037375708540027,
            0.5979286212784037,
            0.6,
            0.5151529610842532,
            0.6,
            0.6,
            0.6,
            0.6,
            0.6,
            0.6
        ]
    },
    "cav4": {
        "cav1": [
            0.5592603228917067,
            0.6,
            0.6,
            0.5412850605199084,
            0.5166692007670614,
            0.6454907876532168,
            0.5746747265584441,
            0.6,
            0.6,
            0.5663343359553783,
            0.6,
            0.6,
            0.5175644398765826,
            0.6,
            0.5612714698625768,
            0.6,
            0.6,
            0.6,
            0.6,
            0.6,
            0.6,
            0.6,
            0.6601809750382227,
            0.6,
            0.5674825774934316,
            0.6,
            0.6,
            0.6082106727170763,
            0.8019388840626088,
            0.6
        ],
        "cav2": [
            0.40776702873584253,
            0.6,
            0.6,
            0.677790248420032,
            0.6,
            0.6,
            0.6,
            0.5496162364551361,
            0.6,
            0.6,
            0.7357904016502529,
            0.5162400881757506,
            0.6,
            0.6,
            0.6,
            0.6148476126706056,
            0.6,
            0.6579135379643867,
            0.5096925091433592,
            0.6,
            0.528199711116955,
            0.6,
            0.6,
            0.6,
            0.6,
            0.6,
            0.7517746331857048,
            0.6,
            0.6,
            0.6
        ],