{
    "cav1": {
        "human_trust_level": 0.8,
        "trust_scores": {
            "cav2": [
                0.2984932311678118,
                0.3128883954875847,
                0.47722083082414046,
                0.4339095883922565,
                0.29071615096344794,
                0.10481473903586905,
                0.5438462241505249,
                0.2538796608473446,
                0.3390035303625215
            ],
            "cav3": [
                0.34045751309584515,
                0.4465435785017851,
                0.3029437885696167,
                0.17561006731348247,
                0.3694203334704432,
                0.45775794062067066,
                0.6162695536907825,
                0.2586367049573535,
                0.31966282273505503
            ],
            "cav4": [
                0.30415512454053084,
                0.4636883979776165,
                0.29000120876430696,
                0.3677239054909341,
                0.2689995087964113,
                0.3676768838228236,
                0.2776564018376942,
                0.3266783861774876,
                0.5872233643750717
            ]
        },
        "detected_objects": [
            {
                "frame": 1,
                "objects": [
                    {
                        "label": "bottle",
                        "confidence": 0.3668787181377411,
                        "box": [
                            [
                                719.8309936523438,
                                664.5648193359375,
                                898.9026489257812,
                                1145.621337890625
                            ]
                        ]
                    }
                ],
                "scene_label": "pill bottle",
                "confidence": 8.027798652648926
            },
            {
                "frame": 2,
                "objects": [
                    {
                        "label": "bottle",
                        "confidence": 0.6942054629325867,
                        "box": [
                            [
                                554.9688720703125,
                                654.0535278320312,
                                728.7653198242188,
                                1133.46044921875
                            ]
                        ]
                    }
                ],
                "scene_label": "pill bottle",
                "confidence": 9.568717002868652
            },
            {
                "frame": 3,
                "objects": [
                    {
                        "label": "bottle",
                        "confidence": 0.26776525378227234,
                        "box": [
                            [
                                304.4195251464844,
                                642.234375,
                                477.9939880371094,
                                1128.0128173828125
                            ]
                        ]
                    }
                ],
                "scene_label": "pill bottle",
                "confidence": 9.08607006072998
            },
            {
                "frame": 4,
                "objects": [
                    {
                        "label": "bottle",
                        "confidence": 0.4521690309047699,
                        "box": [
                            [
                                77.2782211303711,
                                643.5443115234375,
                                249.4972381591797,
                                1122.8082275390625
                            ]
                        ]
                    }
                ],
                "scene_label": "perfume",
                "confidence": 7.062845706939697
            },
            {
                "frame": 5,
                "objects": [],
                "scene_label": "parallel bars",
                "confidence": 4.818885326385498
            },
            {
                "frame": 6,
                "objects": [],
                "scene_label": "parallel bars",
                "confidence": 6.809925079345703
            },
            {
                "frame": 7,
                "objects": [],
                "scene_label": "parallel bars",
                "confidence": 5.12933349609375
            },
            {
                "frame": 8,
                "objects": [],
                "scene_label": "lighthouse",
                "confidence": 6.107935905456543
            },
            {
                "frame": 9,
                "objects": [],
                "scene_label": "parallel bars",
                "confidence": 6.252439022064209
            },
            {
                "frame": 10,
                "objects": [],
                "scene_label": "albatross",
                "confidence": 5.674679279327393
            }
        ]
    },
    "cav2": {
        "human_trust_level": 0.8,
        "trust_scores": {
            "cav1": [
                0.38551326139539716,
                0.49921431548981676,
                0.5754264418662912,
                0.31213695100136235,
                0.31662691867643417,
                0.5800517829667141,
                0.07713078388358302,
                0.3490111096292167,
                0.37895310732616766
            ],
            "cav3": [
                0.28177320966008285,
                0.4056987831795034,
                0.08628560060821407,
                0.40845742807555335,
                0.2972405547480101,
                0.5641067872357697,
                0.28128912776678183,
                0.1342849875659079,
                0.2820758112773784
            ],
            "cav4": [
                0.42493799560040985,
                0.5172357111639576,
                0.44759461054043986,
                0.23724992564774083,
                0.5489184748168423,
                0.6880011493360937,
                0.5689793889514861,
                0.7040141292890022,
                0.6127531561534417
            ]
        },
        "detected_objects": [
            {
                "frame": 1,
                "objects": [
                    {
                        "label": "bottle",
                        "confidence": 0.8941806554794312,
                        "box": [
                            [
                                670.0079956054688,
                                178.6329345703125,
                                1080.0,
                                1345.7608642578125
                            ]
                        ]
                    }
                ],
                "scene_label": "pill bottle",
                "confidence": 9.195980072021484
            },
            {
                "frame": 2,
                "objects": [
                    {
                        "label": "bottle",
                        "confidence": 0.9424511790275574,
                        "box": [
                            [
                                286.3424377441406,
                                192.523681640625,
                                715.941162109375,
                                1342.6453857421875
                            ]
                        ]
                    }
                ],
                "scene_label": "pill bottle",
                "confidence": 10.938824653625488
            },
            {
                "frame": 3,
                "objects": [
                    {
                        "label": "bottle",
                        "confidence": 0.6947113871574402,