{
    "cav1": {
        "human_trust_level": 0.3,
        "trust_scores": {
            "cav2": [
                0.33,
                0.4241377935000259,
                0.3098521521033583,
                0.37553254695048455,
                0.6,
                0.35709338406392765,
                0.45671535346153785,
                0.5260166322594328,
                0.6
            ],
            "cav3": [
                0.33,
                0.5025217457929553,
                0.3612581477265778,
                0.3307199231797593,
                0.35005640650460723,
                0.512886607035877,
                0.514247770744367,
                0.6,
                0.5952822294505017
            ],
            "cav4": [
                0.34,
                0.6,
                0.6,
                0.6,
                0.5201304785488656,
                0.6868684854308231,
                0.5440041541771874,
                0.585341180684806,
                0.4626131109746185
            ]
        },
        "detected_objects": [
            {
                "frame": 1,
                "objects": [
                    {
                        "label": "bottle",
                        "confidence": 0.3668787181377411,
                        "box": [
                            [
                                719.8309936523438,
                                664.5648193359375,
                                898.9026489257812,
                                1145.621337890625
                            ]
                        ]
                    }
                ],
                "scene_label": "pill bottle",
                "confidence": 8.027798652648926
            },
            {
                "frame": 2,
                "objects": [
                    {
                        "label": "bottle",
                        "confidence": 0.6942054629325867,
                        "box": [
                            [
                                554.9688720703125,
                                654.0535278320312,
                                728.7653198242188,
                                1133.46044921875
                            ]
                        ]
                    }
                ],
                "scene_label": "pill bottle",
                "confidence": 9.568717002868652
            },
            {
                "frame": 3,
                "objects": [
                    {
                        "label": "bottle",
                        "confidence": 0.26776525378227234,
                        "box": [
                            [
                                304.4195251464844,
                                642.234375,
                                477.9939880371094,
                                1128.0128173828125
                            ]
                        ]
                    }
                ],
                "scene_label": "pill bottle",
                "confidence": 9.08607006072998
            },
            {
                "frame": 4,
                "objects": [
                    {
                        "label": "bottle",
                        "confidence": 0.4521690309047699,
                        "box": [
                            [
                                77.2782211303711,
                                643.5443115234375,
                                249.4972381591797,
                                1122.8082275390625
                            ]
                        ]
                    }
                ],
                "scene_label": "perfume",
                "confidence": 7.062845706939697
            },
            {
                "frame": 5,
                "objects": [],
                "scene_label": "parallel bars",
                "confidence": 4.818885326385498
            },
            {
                "frame": 6,
                "objects": [],
                "scene_label": "parallel bars",
                "confidence": 6.809925079345703
            },
            {
                "frame": 7,
                "objects": [],
                "scene_label": "parallel bars",
                "confidence": 5.12933349609375
            },
            {
                "frame": 8,
                "objects": [],
                "scene_label": "lighthouse",
                "confidence": 6.107935905456543
            },
            {
                "frame": 9,
                "objects": [],
                "scene_label": "parallel bars",
                "confidence": 6.252439022064209
            },
            {
                "frame": 10,
                "objects": [],
                "scene_label": "albatross",
                "confidence": 5.674679279327393
            }
        ]
    },
    "cav2": {
        "human_trust_level": 0.3,
        "trust_scores": {
            "cav1": [
                0.33,
                0.4881684701833656,
                0.5761390513050992,
                0.36761082343702395,
                0.5071301480555361,
                0.3745724588954216,
                0.6,
                0.6,
                0.4483579507467677
            ],
            "cav3": [
                0.33,
                0.6,
                0.6226162816209161,
                0.5141128539112354,
                0.6158070557909724,
                0.7081979404754786,
                0.5109838142953985,
                0.3745817951800496,
                0.3740103023121356
            ],
            "cav4": [
                0.34,
                0.6,
                0.5347737989923531,
                0.3182630550770761,
                0.5410452588372199,
                0.3140084481999444,
                0.5649154761348211,
                0.705305153220276,
                0.5026496371275452
            ]
        },
        "detected_objects": [
            {
                "frame": 1,
                "objects": [
                    {
                        "label": "bottle",
                        "confidence": 0.8941806554794312,
                        "box": [
                            [
                                670.0079956054688,
                                178.6329345703125,
                                1080.0,
                                1345.7608642578125
                            ]
                        ]
                    }
                ],
                "scene_label": "pill bottle",
                "confidence": 9.195980072021484
            },
            {
                "frame": 2,
                "objects": [
                    {
                        "label": "bottle",
                        "confidence": 0.9424511790275574,
                        "box": [
                            [
                                286.3424377441406,
                                192.523681640625,
                                715.941162109375,
                                1342.6453857421875
                            ]
                        ]
                    }
                ],
                "scene_label": "pill bottle",
                "confidence": 10.938824653625488
            },
            {
                "frame": 3,
                "objects": [
                    {
                        "label": "bottle",
                        "confidence": 0.6947113871574402,
                        "box": [
                            [
                                2.94415283203125,
                                171.7862548828125,
                                279.1449279785156,
                                1332.7178955078125
                            ]
                        ]
                    }
                ],
                "scene_label": "pill bottle",
                "confidence": 13.559309959411621
            },
            {
                "frame": 4,
                "objects": [],