{
    "cav1": {
        "human_trust_level": 0.3,
        "trust_scores": {
            "cav2": [
                0.35905967017217993,
                0.43188951439651035,
                0.41095620396082877,
                0.4677717820836564,
                0.6,
                0.6,
                0.45906681268567423,
                0.7995789414970242,
                0.48746953483702893
            ],
            "cav3": [
                0.6,
                0.47031792860544785,
                0.37746604814848117,
                0.366593244516908,
                0.3515776384364042,
                0.33667036962028285,
                0.3135121762695432,
                0.3837675679622482,
                0.5995439596929006
            ],
            "cav4": [
                0.6,
                0.5972086362067102,
                0.6,
                0.4698624066827454,
                0.46995847333012625,
                0.4641931432176219,
                0.3060912716316171,
                0.6,
                0.31274896123664875
            ]
        },
        "detected_objects": [
            {
                "frame": 1,
                "objects": [
                    {
                        "label": "bottle",
                        "confidence": 0.3668787181377411,
                        "box": [
                            [
                                719.8309936523438,
                                664.5648193359375,
                                898.9026489257812,
                                1145.621337890625
                            ]
                        ]
                    }
                ],
                "scene_label": "pill bottle",
                "confidence": 8.027798652648926
            },
            {
                "frame": 2,
                "objects": [
                    {
                        "label": "bottle",
                        "confidence": 0.6942054629325867,
                        "box": [
                            [
                                554.9688720703125,
                                654.0535278320312,
                                728.7653198242188,
                                1133.46044921875
                            ]
                        ]
                    }
                ],
                "scene_label": "pill bottle",
                "confidence": 9.568717002868652
            },
            {
                "frame": 3,
                "objects": [
                    {
                        "label": "bottle",
                        "confidence": 0.26776525378227234,
                        "box": [
                            [
                                304.4195251464844,
                                642.234375,
                                477.9939880371094,
                                1128.0128173828125
                            ]
                        ]
                    }
                ],
                "scene_label": "pill bottle",
                "confidence": 9.08607006072998
            },
            {
                "frame": 4,
                "objects": [
                    {
                        "label": "bottle",
                        "confidence": 0.4521690309047699,
                        "box": [
                            [
                                77.2782211303711,
                                643.5443115234375,
                                249.4972381591797,
                                1122.8082275390625
                            ]
                        ]
                    }
                ],
                "scene_label": "perfume",
                "confidence": 7.062845706939697
            },
            {
                "frame": 5,
                "objects": [],
                "scene_label": "parallel bars",
                "confidence": 4.818885326385498
            },
            {
                "frame": 6,
                "objects": [],
                "scene_label": "parallel bars",
                "confidence": 6.809925079345703
            },
            {
                "frame": 7,
                "objects": [],
                "scene_label": "parallel bars",
                "confidence": 5.12933349609375
            },
            {
                "frame": 8,
                "objects": [],
                "scene_label": "lighthouse",
                "confidence": 6.107935905456543
            },
            {
                "frame": 9,
                "objects": [],
                "scene_label": "parallel bars",
                "confidence": 6.252439022064209
            },
            {
                "frame": 10,
                "objects": [],
                "scene_label": "albatross",
                "confidence": 5.674679279327393
            }
        ]
    },
    "cav2": {
        "human_trust_level": 0.3,
        "trust_scores": {
            "cav1": [
                0.5047030786124275,
                0.6,
                0.48445183928581675,
                0.30454090904526093,
                0.3913911014158269,
                0.48265947916474283,
                0.6,
                0.5111933838291157,
                0.35614074110902794
            ],
            "cav3": [
                0.7641327155432198,
                0.3984367616865679,
                0.6,
                0.5908834913599339,
                0.3572412415383147,
                0.6,
                0.6,
                0.4678813868297415,
                0.5290699991236476
            ],
            "cav4": [
                0.4784608825770533,
                0.5247066358678067,
                0.56292742315743,
                0.4025294825034655,
                0.6,
                0.6,
                0.6,
                0.40292142007989895,
                0.47801790618501055
            ]
        },
        "detected_objects": [
            {
                "frame": 1,
                "objects": [
                    {
                        "label": "bottle",
                        "confidence": 0.8941806554794312,
                        "box": [
                            [
                                670.0079956054688,
                                178.6329345703125,
                                1080.0,
                                1345.7608642578125
                            ]
                        ]
                    }
                ],
                "scene_label": "pill bottle",
                "confidence": 9.195980072021484
            },
            {
                "frame": 2,
                "objects": [
                    {
                        "label": "bottle",
                        "confidence": 0.9424511790275574,
                        "box": [
                            [
                                286.3424377441406,
                                192.523681640625,
                                715.941162109375,
                                1342.6453857421875
                            ]
                        ]
                    }
                ],
                "scene_label": "pill bottle",
                "confidence": 10.938824653625488
            },
            {
                "frame": 3,
                "objects": [
                    {
                        "label": "bottle",
                        "confidence": 0.6947113871574402,
                        "box": [
                            [
                                2.94415283203125,
                                171.7862548828125,
                                279.1449279785156,
                                1332.7178955078125
                            ]
                        ]
                    }
                ],
                "scene_label": "pill bottle",
                "confidence": 13.559309959411621
            },
            {
                "frame": 4,